,S,C,C,C,c,n,c,N,C@,C@,c,c,c,F,c,F,c,c,C,c,n,n,n,C@,C@,O,C@,O,C@@,O,C,C,O,C,c,n
S,0.005211217,0.0021281356,0.0021268115,0.0021222888,0.0030541641,0.04422963,0.0029868735,0.01660453,0.07997781,0.08133817,0.0029686878,0.002982448,0.0029949727,0.052163914,0.0029781705,0.051997025,0.0030175038,0.0030347146,0.0020429867,0.0030243227,0.04724027,0.046678115,0.045881473,0.075648434,0.07619001,0.01761231,0.07644184,0.017900612,0.033559136,0.017911438,0.002080953,0.0020862322,0.017895492,0.0021025997,0.0030182316,0.046417348
C,0.00554675,0.00033346636,0.00033791858,0.00034368943,0.0016586768,0.06880997,0.0015777625,0.004886393,0.090687096,0.09186858,0.001559216,0.0016091751,0.0016455947,0.02424458,0.0015850267,0.024153031,0.0015814205,0.0016044361,0.000331273,0.0016281321,0.07266283,0.07147261,0.070289075,0.08577342,0.08688362,0.021059124,0.08715539,0.021495974,0.016743833,0.021334471,0.00032327964,0.0003244871,0.021350086,0.00032120483,0.0015531568,0.07456359
C,0.005493448,0.0003292221,0.0003336387,0.00033935084,0.0016349853,0.06878304,0.0015556023,0.0048196693,0.090849414,0.0920413,0.0015365517,0.0015865102,0.0016226519,0.023829838,0.0015622556,0.023734592,0.0015578776,0.0015804104,0.0003271044,0.0016046192,0.07261715,0.071426645,0.07023949,0.085959256,0.08707307,0.021237744,0.08733972,0.021674888,0.016819034,0.021508554,0.00031900682,0.0003201653,0.021520728,0.00031696013,0.0015308673,0.07453906
C,0.0054675797,0.00032280356,0.00032717214,0.00033281444,0.0016044689,0.06875296,0.0015265957,0.00481267,0.090987094,0.09219102,0.0015070179,0.001556778,0.001592615,0.02373558,0.0015328211,0.02363557,0.0015275266,0.0015495091,0.00032073562,0.0015738264,0.072579935,0.07138833,0.070198044,0.08613094,0.0872549,0.021326827,0.087508135,0.021758022,0.016838726,0.021591077,0.000312569,0.0003137178,0.021605195,0.00031061002,0.0015014694,0.0745171
c,0.026504245,0.0005028685,0.0005101805,0.00051989354,0.001560212,0.057104398,0.0014795162,0.0032429919,0.07814468,0.07868536,0.0014365742,0.0015047287,0.0015601607,0.061532944,0.001518759,0.06094621,0.0014722865,0.0014848941,0.00049461256,0.0015063755,0.05864776,0.05777415,0.05708267,0.07728171,0.078775786,0.023464125,0.07867686,0.023313433,0.020418972,0.023367347,0.0004753022,0.00047917682,0.023467902,0.0004794424,0.0014635795,0.0609657
n,0.0056451983,0.012429392,0.01232706,0.012292758,0.01357319,0.016803222,0.0136267645,0.013010941,0.029962711,0.029856227,0.01357039,0.013524849,0.013532122,0.021823803,0.013416966,0.02178318,0.013440182,0.01342401,0.012672225,0.013297669,0.016591785,0.016540764,0.016409623,0.029637353,0.02968454,0.0127515765,0.0309149,0.013058371,0.045804244,0.0128838755,0.012708571,0.012677385,0.013007104,0.012775514,0.0133958515,0.017103609
c,0.027427826,0.000489795,0.00049692567,0.0005064557,0.0015666519,0.05698767,0.0014841277,0.003152297,0.07768667,0.078257136,0.0014416231,0.0015107541,0.001567139,0.062062863,0.0015250942,0.061472148,0.0014781496,0.0014912749,0.00048195635,0.001513556,0.058573883,0.05768621,0.056985352,0.076913305,0.078432344,0.023484027,0.07834136,0.023330064,0.020902924,0.023382906,0.00046287017,0.00046651164,0.02347712,0.00046688205,0.0014698919,0.060862012
N,0.0060835993,0.0010609748,0.0010680882,0.0010690313,0.004366302,0.044607043,0.004338553,0.0058759246,0.09698829,0.09772597,0.0041053463,0.0042482656,0.0043299794,0.015522717,0.0040942025,0.015503884,0.004190328,0.004195728,0.0010507758,0.004304172,0.045951437,0.045286458,0.044574283,0.09340023,0.09429257,0.01459931,0.09311567,0.014860122,0.051284634,0.015034385,0.0010765193,0.0010694364,0.0148979295,0.0010473696,0.004222687,0.046601847
C@,0.017953843,0.0073370556,0.0073391097,0.007340596,0.0065657264,0.0311718,0.0064000413,0.040132407,0.05717737,0.05755022,0.006302662,0.006328307,0.0063921744,0.02310874,0.0063838344,0.02298409,0.0064392504,0.0064355293,0.007501954,0.006410852,0.031543583,0.031556614,0.031476095,0.05823778,0.05853057,0.011943998,0.059110712,0.011798954,0.024781879,0.011847703,0.0074259676,0.0073999357,0.01188302,0.007381091,0.0064912867,0.03162948
C@,0.017823812,0.007361602,0.007362888,0.007363851,0.0065760333,0.03154735,0.0064095687,0.039742816,0.056806717,0.057178292,0.006315625,0.006339367,0.0064025894,0.02355228,0.006396048,0.023430362,0.0064518303,0.0064475443,0.007526745,0.006422104,0.03193205,0.031947196,0.031866167,0.057847627,0.058141563,0.011956755,0.058717925,0.011807557,0.024951898,0.0118607115,0.007449561,0.0074238717,0.011896878,0.007406213,0.0065034754,0.032006092
c,0.026426086,0.00048335627,0.0004904246,0.00049979484,0.0015292392,0.057787992,0.0014500571,0.003262679,0.07773518,0.07829158,0.0014088646,0.0014755416,0.0015299834,0.06145727,0.0014887392,0.060879953,0.0014440818,0.0014568405,0.0004758119,0.0014789619,0.059412647,0.05852395,0.05781828,0.07690963,0.07842598,0.02344387,0.078316666,0.023299383,0.019960968,0.023352135,0.00045698788,0.000460684,0.023462005,0.00046095802,0.0014359052,0.061675176
c,0.026101243,0.00047168895,0.00047868965,0.0004879136,0.0014965627,0.05758648,0.0014182539,0.0032389157,0.077947594,0.07851482,0.0013775255,0.0014432808,0.0014969293,0.06203436,0.0014567561,0.061456166,0.001412404,0.0014246777,0.00046412006,0.0014454097,0.059176132,0.058287956,0.057581574,0.07714266,0.078663595,0.0234956,0.07855211,0.023348028,0.020198617,0.02340179,0.0004457717,0.00044945686,0.023520596,0.0004495587,0.0014036726,0.061448064
c,0.0263541,0.00047608645,0.00048317085,0.0004924914,0.0015082821,0.057509243,0.0014291459,0.0032930025,0.07798098,0.07854788,0.0013879753,0.0014542101,0.0015082852,0.061885368,0.0014680539,0.06130495,0.0014231702,0.0014354171,0.00046828523,0.0014558187,0.05907221,0.058187183,0.05748381,0.07716891,0.07868776,0.023513408,0.07857321,0.023363322,0.020156465,0.0234182,0.0004498861,0.00045365575,0.023538902,0.00045370826,0.0014140345,0.06134597
F,0.010139927,0.0065459167,0.006495553,0.006437428,0.0073391097,0.015654463,0.007360026,0.10336194,0.046819557,0.04669173,0.007233423,0.007372101,0.0074374494,0.025152305,0.0073099877,0.025157977,0.0071939975,0.0071822745,0.006394865,0.0071815243,0.0155229885,0.015492038,0.015421649,0.046697985,0.046610985,0.008161329,0.047691092,0.0083157085,0.036490694,0.008059323,0.0065873805,0.0065520406,0.00814628,0.0065668626,0.0071380013,0.015923247
c,0.026811892,0.00048478198,0.0004918146,0.0005011763,0.0015439818,0.05771854,0.001463141,0.0033183722,0.07771911,0.0782902,0.0014211888,0.0014889942,0.0015444213,0.0613916,0.0015027239,0.060819842,0.0014565778,0.0014690781,0.00047653282,0.0014906132,0.059303243,0.058413785,0.057707336,0.07692213,0.07844292,0.023544658,0.078314126,0.023393728,0.019758888,0.023446029,0.00045765415,0.0004614647,0.02356018,0.00046201443,0.001448153,0.061585527
F,0.010215063,0.006468613,0.0064182,0.006359955,0.0072450833,0.015636668,0.00726492,0.10375273,0.04756836,0.047436703,0.007141345,0.0072776317,0.0073421034,0.025209496,0.007218299,0.025210768,0.0071048997,0.0070934095,0.006318026,0.007090086,0.015503563,0.015472341,0.015402214,0.047441684,0.047358535,0.008181659,0.048454165,0.008335815,0.03680147,0.008077654,0.006509096,0.0064737266,0.0081659015,0.0064887,0.007048471,0.015903693
c,0.026865685,0.00047276582,0.00047983977,0.00048915244,0.0015391326,0.057572585,0.0014581833,0.003254281,0.07756774,0.078150295,0.001416776,0.0014846032,0.0015399419,0.061786175,0.001497485,0.061211087,0.0014524629,0.0014653957,0.00046569156,0.001488259,0.059204042,0.058300123,0.05759003,0.07674157,0.07828262,0.023554385,0.07819359,0.023405371,0.020271093,0.023464499,0.00044723085,0.0004507694,0.023566341,0.00045060844,0.0014437381,0.061449938
c,0.027081339,0.00048358392,0.00049073406,0.0005001659,0.0015553209,0.05765609,0.0014740617,0.0033047143,0.07736178,0.07795214,0.0014323301,0.0015001611,0.0015556802,0.061635748,0.0015134288,0.06106133,0.0014684976,0.0014816561,0.00047634024,0.0015045315,0.059287433,0.05838742,0.057679396,0.07654076,0.078083426,0.023552764,0.0779885,0.023399625,0.020090017,0.023455039,0.00045758352,0.00046114306,0.0235527,0.0004610834,0.0014597463,0.06153559
C,0.0058833985,0.00031629534,0.0003207819,0.00032654672,0.0016392098,0.06879482,0.0015564547,0.004760257,0.09050307,0.09169363,0.0015388435,0.0015884931,0.0016254175,0.024658252,0.0015661669,0.024555054,0.0015605579,0.0015836041,0.00031455193,0.0016070596,0.07270162,0.071485005,0.07028563,0.08564383,0.08682249,0.021194628,0.087059185,0.021615708,0.016845226,0.021454357,0.00030643377,0.00030763645,0.021481965,0.0003042806,0.0015323501,0.074555784
c,0.026905287,0.0004975316,0.0005048907,0.000514603,0.0015684245,0.057787087,0.0014867327,0.0033427624,0.077138305,0.07771829,0.0014452161,0.0015128988,0.0015682569,0.061765157,0.0015267401,0.06119007,0.0014812463,0.0014944924,0.00048999215,0.001516806,0.059382748,0.05849388,0.057785712,0.076270826,0.07779869,0.023587985,0.07773307,0.023435058,0.019884724,0.02348358,0.0004709577,0.00047470114,0.02358177,0.00047460088,0.0014728935,0.061677482
n,0.0055641965,0.012375816,0.012274267,0.012239564,0.013644167,0.016627051,0.013696365,0.012967655,0.030187156,0.030093422,0.013640389,0.013586594,0.013591932,0.021959955,0.013486707,0.021924099,0.013516161,0.013499195,0.012618011,0.013362761,0.01640582,0.01635526,0.016225146,0.029830743,0.029890183,0.012539583,0.031121746,0.01284133,0.045504037,0.012675863,0.012653205,0.0126211755,0.012792164,0.012721717,0.013462782,0.016913546
n,0.0055588456,0.012401471,0.012299204,0.012263919,0.013604393,0.016616225,0.013657085,0.0130323665,0.03017501,0.03007942,0.013600428,0.013547667,0.01355323,0.021995164,0.013445885,0.021960383,0.013474732,0.013458094,0.012644142,0.0133248875,0.016394801,0.016343985,0.016213859,0.029822132,0.029882267,0.012547749,0.031115916,0.012847539,0.045597773,0.012682367,0.01268031,0.012648091,0.012799153,0.012748355,0.013422992,0.016901914
n,0.0055395896,0.012405513,0.012302857,0.012267556,0.013611425,0.01661938,0.0136636235,0.013097753,0.030270161,0.030172534,0.013605416,0.013554023,0.013560388,0.022079969,0.013451379,0.022044491,0.013478315,0.013462416,0.012648623,0.013331064,0.01639279,0.016342388,0.016212376,0.029914565,0.0299749,0.012523048,0.031216875,0.012819335,0.04569212,0.012655207,0.012683985,0.012652041,0.012772546,0.012752667,0.013426203,0.016903572
C@,0.01770721,0.0073509077,0.0073515805,0.007352017,0.0064187343,0.0320622,0.0062619336,0.037004605,0.056544546,0.056918573,0.0061725266,0.006191173,0.006251367,0.02592341,0.006253087,0.02581499,0.006306025,0.0063024005,0.0075167585,0.006274104,0.03248309,0.03249326,0.03240291,0.05753094,0.057840683,0.012456459,0.058405764,0.012301324,0.024818415,0.0123597905,0.007437904,0.007411683,0.012406357,0.0073947296,0.006358112,0.032527797
C@,0.017567873,0.0073959013,0.0073966,0.0073976507,0.006419866,0.031940825,0.0062655825,0.0358744,0.056586206,0.056959007,0.00617793,0.006195032,0.006254277,0.02598654,0.006258335,0.025877211,0.006310314,0.006307248,0.007563719,0.0062791193,0.03234261,0.032353446,0.032263614,0.05757175,0.05787149,0.012535669,0.058438454,0.012380162,0.02484629,0.012436163,0.007482136,0.0074563804,0.012484239,0.007441101,0.0063633574,0.032394104
O,0.05661999,0.0014785293,0.0014988454,0.0015260313,0.004868789,0.047965698,0.0046447273,0.0023468004,0.06555061,0.06553497,0.004485932,0.0047047567,0.0048629483,0.06155189,0.0047333757,0.060905606,0.004542449,0.0046038395,0.0014434893,0.0047165016,0.049557097,0.048990622,0.04828416,0.064080454,0.064221546,0.022714604,0.06542084,0.02205022,0.03263419,0.022279281,0.001406239,0.0014202705,0.022946956,0.0014042056,0.0045694835,0.04975644
C@,0.017501716,0.007366624,0.0073672696,0.0073671476,0.006414016,0.032079734,0.0062589613,0.037073605,0.056482077,0.056844566,0.006169375,0.006188037,0.006247352,0.025330912,0.0062471144,0.025221488,0.006299518,0.006296117,0.007529762,0.0062709413,0.032484386,0.032494217,0.032404255,0.057465483,0.057768032,0.012463195,0.058338083,0.012307931,0.0251109,0.012365811,0.0074542053,0.00742729,0.012405606,0.0074085905,0.0063520772,0.03253542
O,0.057543263,0.0014626947,0.0014827768,0.0015095157,0.004837298,0.04794532,0.0046144286,0.0024053233,0.06585309,0.06582082,0.004455216,0.0046729664,0.0048306333,0.061379746,0.0047024004,0.060721345,0.0045119803,0.0045729596,0.0014282437,0.004684664,0.049523853,0.048954178,0.048247278,0.06439821,0.06454557,0.022488372,0.06574602,0.021828866,0.03265695,0.02206171,0.0013915728,0.001405287,0.022725355,0.0013882967,0.004537947,0.049725413
C@@,0.008535174,0.0073099984,0.007310469,0.007270024,0.0037247068,0.028188478,0.0038064383,0.067029595,0.05453478,0.053949993,0.0037431435,0.0037764169,0.003778249,0.025331015,0.003720798,0.025051814,0.003766751,0.0037612803,0.007270408,0.0037913204,0.027829252,0.027775686,0.027734974,0.05253429,0.05232957,0.013346549,0.053604376,0.013352663,0.021329047,0.013170326,0.0073823044,0.0073162336,0.013217162,0.007227242,0.0038049594,0.028346114
O,0.058177054,0.001532732,0.0015535207,0.0015812065,0.004891421,0.047633845,0.004668569,0.0023811809,0.065551594,0.06551915,0.004507312,0.0047256295,0.00488436,0.060757637,0.004759499,0.060118727,0.0045655565,0.0046272716,0.001496295,0.004737433,0.04920585,0.048635308,0.047931124,0.06411894,0.064269595,0.022729993,0.065464534,0.022061009,0.033272475,0.022295222,0.001457799,0.0014718317,0.022967754,0.0014544777,0.0045924187,0.04941978
C,0.0055960454,0.00030439798,0.00030871964,0.00031422323,0.0016076401,0.06879699,0.001526248,0.0047365613,0.09084821,0.09204633,0.0015084923,0.0015580123,0.0015945613,0.024658378,0.0015350261,0.024558786,0.0015291823,0.0015515231,0.00030249698,0.001575242,0.072675705,0.07145609,0.07025208,0.08604627,0.08721674,0.021096142,0.087446205,0.021521168,0.016680375,0.021367723,0.00029492954,0.00029608794,0.021400377,0.00029285144,0.0015016847,0.074578755
C,0.00547279,0.00030194962,0.0003061999,0.0003115978,0.0015857411,0.06879891,0.0015058942,0.004776499,0.09095062,0.0921531,0.0014880276,0.0015367776,0.001572761,0.02473741,0.0015139563,0.024639212,0.0015086668,0.0015306287,0.0002999494,0.0015539484,0.07268514,0.07147169,0.0702728,0.08614199,0.08730577,0.021046339,0.08753301,0.021477716,0.016679535,0.021321831,0.00029255383,0.0002936971,0.021356996,0.00029051557,0.0014814547,0.07458466
O,0.05845133,0.001456337,0.0014763004,0.0015029386,0.004830065,0.04801197,0.0046084384,0.0023747643,0.065516695,0.065492816,0.004447967,0.0046639666,0.0048211887,0.06102489,0.0046957773,0.06037662,0.0045065833,0.004567351,0.0014200944,0.0046771606,0.049599506,0.049032584,0.048330914,0.0641046,0.06426026,0.022807665,0.06543492,0.022136282,0.032230873,0.022369197,0.0013835535,0.0013973908,0.023038419,0.001381102,0.004532762,0.049816977
C,0.005398933,0.0003071324,0.0003114003,0.00031681606,0.001586878,0.06878599,0.0015078286,0.0049504843,0.09102219,0.092213295,0.0014901024,0.0015379048,0.0015733365,0.024786394,0.0015154313,0.024692873,0.001510991,0.0015328502,0.00030509842,0.0015557137,0.07270593,0.071500555,0.0703112,0.08615826,0.08731523,0.020910252,0.087534346,0.02134071,0.016592968,0.021189969,0.00029765366,0.00029881566,0.021225046,0.00029562064,0.0014836293,0.07457226
c,0.02601526,0.00046683731,0.000473747,0.00048285516,0.001531675,0.05781653,0.0014502741,0.0033292463,0.077612564,0.07820151,0.0014089651,0.0014765231,0.0015319227,0.06194721,0.0014900732,0.061387092,0.0014440039,0.0014566499,0.00045900288,0.0014793323,0.059441525,0.058539033,0.05781698,0.07682119,0.07835776,0.023599675,0.07822492,0.023449712,0.019991774,0.0235017,0.00044084468,0.00044446648,0.023626043,0.0004447855,0.0014357842,0.061720263
n,0.005765987,0.012294927,0.01219596,0.012161816,0.0136580635,0.016742852,0.013710201,0.013022786,0.02983251,0.029713435,0.013650134,0.013601118,0.0136084845,0.021970848,0.013499569,0.021926776,0.013523417,0.013508024,0.012529869,0.0133780865,0.01654229,0.016486965,0.016354382,0.029502075,0.029555567,0.01275018,0.030784247,0.013051566,0.04625326,0.012879793,0.012574496,0.012541908,0.013006915,0.012634793,0.013475744,0.017042624
