smiles,fda_id
O(C)c1c(OC)c(CN2CCNCC2)ccc1OC,Z99601262
O=C1NC(=O)CC(CC)(C)C1,Z99599698
O=C(O)CCC(=O)c1ccc(-c2ccccc2)cc1,Z99599540
S(=O)(=O)(N)c1sc2c(n1)ccc(OCC)c2,Z995241886
Clc1ccc(OCC(O)CO)cc1,Z995094004
O=C(O)[C@@](N)CC(=O)O,Z995084132
O=C(O)[C@@](N)CCCN.Cl,Z991547388
O=C(O)CC(O)(C)C,Z982131798
O=[N+]([O-])c1c(C)c(C(=O)N)cc([N+](=O)[O-])c1,Z971222254
O=C(O)CN,Z955123660
S(=O)(=O)(O)O.OC(CNC(C)C)c1cc(O)cc(O)c1.OC(CNC(C)C)c1cc(O)cc(O)c1,Z955123630
ClCCc1c(C)ncs1,Z945806150
N(N)CCc1ccccc1.Cl.Cl,Z927192062
O=[N+]([O-])c1ccc(-c2oc(/C=N/N3C(=O)NC(=O)C3)cc2)cc1,Z91274084
N=C(NCC1Oc2c(OC1)cccc2)N.Br,Z911465460
O=C1C(N2C(=O)c3c(C2=O)cccc3)CCC(=O)N1,Z905162656
CN1CC2N(c3ncccc3Cc3c2cccc3)CC1,Z905065772
O=[N+]([O-])c1c(C2C(C(=O)OC)=C(C)NC(C)=C2C(=O)OC)cccc1,Z90350374
O=C(Oc1c2c(ccc1)cccc2)NC,Z90123586
O=C(O)Cc1ccc(NC(=O)C)cc1,Z90122510
O(CC(O)CNC(C)C)c1c2c(ccc1)cccc2.Cl,Z90121066
O=C(O)c1c(O)cc(N)cc1,Z90121065
Clc1c(C(F)(F)F)cc(NC(=O)Nc2ccc(Oc3cc(C(=O)NC)ncc3)cc2)cc1,Z89277543
C(CCCCCCCC)CCCCCCC[n+]1ccccc1.[Cl-],Z89264780
OC[C@@]1[C@@](O)[C@](O)[C@@](N)C(O)O1.Cl,Z871871932
Clc1ccc(N2C(C)(C)N=C(N)N=C2N)cc1.Cl,Z87001357
O=[N+]([O-])c1n(CCO)c(C)nc1,Z87001124
S(=O)(=O)(N)c1ccc(CN)cc1,Z85923151
O=C(NCCCC(=O)O)C(C)(C)C,Z85888809
S(=O)(=O)(N)c1cc(C(=O)NCC2N(CC)CCC2)c(OC)cc1,Z84655412
S(=O)(=O)(C)c1ccc(-c2nc3n(c2)C=CC=C3)cc1,Z82177056
O=C(O)[C@@](N)[C@](O)C,Z813019058
O=C(O)[C@@](N)CCCCN.Cl,Z812534818
Clc1c(C(=O)OCCN(CC)CC)ccc(N)c1,Z802864938
O=C1C(CN2CCOCC2)CCc2[nH]c(C)c(CC)c12,Z802671522
O=C1C(CC)(c2ccc(N)cc2)CCC(=O)N1,Z800191876
O=C(N1CCN(c2nc(N)c3c(n2)cc(OC)c(OC)c3)CC1)C1Oc2c(OC1)cccc2,Z784767764
O=C(CO)[C@]1(O)[C@]2(C)[C@]([C@]3[C@@]([C@]4(C)C(=CC(=O)C=C4)CC3)[C@@](O)C2)CC1,Z778141968
SC[C@](N)C(=O)O,Z760035162
O(C)c1c(OC)cc([C@@]2c3c([C@](O)[C@@]4[C@@]2C(=O)OC4)cc2OCOc2c3)cc1OC,Z759291658
FC=1C(=O)NC(=O)N([C@@]2O[C@](CO)[C@@](O)C2)C=1,Z756475348
O=C(N[C@](C(=O)O)CCC(=O)O)N,Z756468010
O=C(O)[C@@](NC(=O)C)CCC(=O)N,Z756456072
O=C(O)[C@@](NC(=O)C)Cc1ccc(O)cc1,Z756442196
Fc1nc(N)c2ncn([C@]3[C@@](O)[C@](O)[C@@](CO)O3)c2n1,Z756440078
O=C(O)[C@@](N)CCC(=O)N,Z756440074
O=C(O)[C@@](N)Cc1cc(O)c(O)cc1,Z756440064
O=C(O)[C@@](N)Cc1c2c([nH]c1)cccc2,Z756440056
O=C(O)[C@@](N)CCC(=O)O,Z756440052
S(CC[C@](N)C(=O)O)C,Z756440050
O=C(O)[C@@](N)Cc1ccc(O)cc1,Z756440046
O=C(O)[C@@](NC(=O)C)CC(C)C,Z756438860
O=C(O)[C@@](N)Cc1ccccc1,Z756430566
O=C(O)[C@@](N)C(C)C,Z756430564
O=C(O)[C@]1NCCC1,Z756429958
Clc1c(OC)cc(OC)c2C(=O)[C@]3(C(OC)=CC(=O)C[C@]3C)Oc12,Z756424454
O=C(N[C@@]1C(=O)N2[C@@](C(=O)[O-])C(C)(C)S[C@]12)Cc1ccccc1.[K+],Z756424446
F[C@@]12[C@]3(C)C(=CC(=O)C=C3)CC[C@]1[C@]1[C@@](C)([C@@](O)(C(=O)CO)[C@](C)C1)C[C@@]2O,Z756391748
O=C(O)C(CCC)CCC,Z756391526
O=C(CO)[C@]1(O)[C@]2(C)[C@]([C@]3[C@@]([C@]4(C)C(=CC(=O)C=C4)CC3)C(=O)C2)CC1,Z756390288
O=C1N([C@@]2O[C@](CO)[C@@](N=[N+]=[N-])C2)C=C(C)C(=O)N1,Z754931264
O=C(c1c(-c2ccc(O)cc2)sc2c1ccc(O)c2)c1ccc(OCCN2CCCCC2)cc1.Cl,Z754931262
O=C(O[C@@]1[C@@]2[C@@](CC[C@]3OC(=O)C[C@](O)C3)[C@@](C)C=CC2=C[C@](C)C1)[C@](CC)C,Z754931258
ClCCN(C(COc1ccccc1)C)Cc1ccccc1.Cl,Z754931256
O=C(O[C@]1[C@](C)[C@](O)[C@](C)[C@@](O)[C@@](C)C=C/C=C(/C)\C(=O)NC=2C(=O)c3c(O)c(C)c4O[C@@](C)(C(=O)c4c3C3=NC4(NC=23)CCN(CC(C)C)CC4)O/C=C\[C@](OC)[C@]1C)C,Z754926486
O(C)c1c2occc2cc2c1OC(=O)C=C2,Z754918916
O=C(O[C@@]1[C@@]2[C@@](CC[C@]3OC(=O)C[C@](O)C3)[C@@](C)C=CC2=C[C@](C)C1)C(CC)(C)C,Z754918914
O=C(O)C(C)(C)c1ccc(C(O)CCCN2CCC(C(O)(c3ccccc3)c3ccccc3)CC2)cc1.Cl,Z754918912
Oc1c(C(C)C)cccc1C(C)C,Z752915492
O=C(OCCOCCCC)c1cnccc1,Z743362616
O=C(CC(c1ccccc1)C=1C(=O)Oc2c(C=1O)cccc2)C,Z732250592
Clc1c(Nc2c(C(=O)[O-])cccc2)c(Cl)ccc1C.[Na+],Z732242712
P(=O)(O)(O)O.O(C)c1cc(NC(CCCN)C)c2ncccc2c1,Z732242096
S(=O)(=O)(N)C=1S/C(=N/C(=O)C)/N(C)N=1,Z728800602
O=C(N)c1c(O)cccc1,Z68590124
O=C(Nc1c(C)cccc1C)CN1CCN(CC(O)COc2c(OC)cccc2)CC1,Z68563450
O=C(NCc1ccc(OCCN(C)C)cc1)c1cc(OC)c(OC)cc1,Z667612124
O=C(NCc1ccc(OCCN(C)C)cc1)c1cc(OC)c(OC)c(OC)c1,Z667611948
Clc1c(C(O)CNC(C)C)cccc1,Z666296432
O=C1N(C)C(=O)CC1(C)c1ccccc1,Z649373426
O=C(N(CC)CC)N1CCN(C)CC1,Z641623606
O=C1[C@]2(O)O[C@@]3[C@@](NC)[C@@](O)[C@@](NC)[C@](O)[C@]3O[C@@]2O[C@](C)C1.Cl.Cl.O.O.O.O.O,Z608353996
O=C(CCc1ccccc1)c1c(OCC(O)CNCCC)cccc1.Cl,Z608353988
O=C(OCC)CCC(=O)O[C@]1[C@](O[C@]2[C@@](O)(C)C[C@@](C)C(=O)[C@](C)[C@@](O)[C@@](O)(C)[C@@](CC)OC(=O)[C@](C)[C@@](O[C@@]3O[C@@](C)[C@](O)[C@@](OC)(C)C3)[C@@]2C)O[C@](C)C[C@@]1N(C)C,Z608353986
Brc1c(NC2=NCCN2)ccc2nccnc12,Z608061562
O(CC(O)CNC(C)(C)C)c1c2c(ccc1)C[C@@](O)[C@@](O)C2,Z608060832
O=C(Nc1ncccc1)Cc1ccc(-c2ccccc2)cc1,Z60744762
O=C(OCC(=O)[C@]1(O)[C@]2(C)[C@]([C@]3[C@@]([C@]4(C)C(=CC(=O)CC4)CC3)[C@@](O)C2)CC1)C,Z600425184
O=C(OCC[N+](C)(C)C)C.[Br-],Z600425176
Cc1c[nH]nc1,Z600419582
S(=O)(=O)([O-])CCS.[Na+],Z594284202
O(C(CO)CO)Cn1c2NC(N)=NC(=O)c2nc1,Z594284200
O=C(N)c1nn([C@]2[C@](O)[C@](O)[C@@](CO)O2)cn1,Z594284196
Clc1c(NC2=NCCN2)c2nsnc2cc1.Cl,Z594284192
S(CCC)c1cc2[nH]c(NC(=O)OC)nc2cc1,Z594284186
O=C(NO)C,Z59181917
O=C(NN)c1ccncc1,Z58981801
N(N)c1nncc2c1cccc2.Cl,Z57980178
O=[N+](OCCNC(=O)c1cnccc1)[O-],Z57965636
O(C)c1c(O)ccc(/C=C/C)c1,Z57953030
O/N=C/c1[n+](C)cccc1.[Cl-],Z57931208
N(C)(C)c1nc(N(C)C)nc(N(C)C)n1,Z57931197
Clc1c(NC(=O)c2c(O)ccc(Cl)c2)ccc([N+](=O)[O-])c1,Z57902203
Sc1n(C)ccn1,Z57901905
Ic1c(O)c2ncccc2c(I)c1,Z57825347
Clc1ccc(OC(C(=O)O)(C)C)cc1,Z57727844
Clc1c(Nc2c(CC(=O)O)cccc2)c(Cl)ccc1,Z57664869
O=C(Nc1c(C)cccc1C)C1N(CCCC)CCCC1,Z57479431
O=C(O)CN1c2c(C(=O)c3c1cccc3)cccc2,Z57473348
O=C1N(N(c2ccccc2)C(=O)C1CCCC)c1ccccc1,Z57355370
Clc1ccc(OCC(=O)OCCN(C)C)cc1.Cl,Z57281900
OC(CCCN1CCCCC1)(c1ccccc1)c1ccccc1.Cl,Z57257314
O=C1OC(c2ccc(O)cc2)(c2ccc(O)cc2)c2c1cccc2,Z57233591
O=C(Oc1ccccc1)c1c(O)cccc1,Z57206005
S(=O)(=O)(NC(=O)C)c1ccc(N)cc1,Z57202572
O=C1C(O)=C(O)C(C(O)CO)O1,Z57201291
S(=O)(=O)(Nc1sccn1)c1ccc(N)cc1,Z57198680
S(=O)(=O)(Nc1noc(C)c1)c1ccc(N)cc1,Z57198677
Clc1cc2NC(=O)Oc2cc1,Z57183224
O=C1C(O)=C(c2cc(O)c(O)cc2)Oc2c1c(O)cc(O)c2,Z57176222
O=C1C(CC=2C(=O)Oc3c(C=2O)cccc3)=C(O)c2c(O1)cccc2,Z57170530
O=C1Oc2c(cccc2)C=C1,Z57169486
Brc1[nH]c2C(=O)N(C)C(=O)N(C)c2n1,Z57161790
O=C(C(O)c1ccccc1)c1ccccc1,Z57160197
O=[N+]([O-])c1oc(/C=N/N2C(=O)OCC2)cc1,Z57152562
O=[N+]([O-])c1oc(/C=N/N2C(=O)NC(=O)C2)cc1,Z57152561
Oc1ccc(O)cc1,Z57127551
O=C(O)CCCCCCCC(=O)O,Z57127532
O=C(O)c1ccccc1,Z57127480
O=[N+]([O-])c1ccc(-c2ccccc2)cc1,Z57127477
O=C(O)c1c(O)ccc(N)c1,Z57127471
Oc1c(C(C)C)ccc(C)c1,Z57127464
O=C(O)CCC(=O)O,Z57127453
O=C(O)c1ccc(N)cc1,Z57127446
O=C(O)CCCCCN,Z57127439
O=C(OCCCC)c1ccc(N)cc1,Z57126994
O=[N+]([O-])c1cc([N+](=O)[O-])cc(C(=O)N)c1,Z57117643
Oc1ccc(CC(N)C)cc1,Z57102382
S(c1n(C)cnc1[N+](=O)[O-])c1ncnc2nc[nH]c12,Z57063156
O=C(OC)c1cnccc1,Z57036282
O=C(Nc1ccc(O)cc1)C,Z56946051
Fc1c(N2CCNCC2)cc2N(C3CC3)C=C(C(=O)O)C(=O)c2c1,Z56933707
Fc1c(N2CCNCC2)cc2N(CC)C=C(C(=O)O)C(=O)c2c1,Z56926638
Oc1c2ncccc2ccc1,Z56926518
SC1=NC(CCC)=CC(=O)N1,Z56922173
O=[N+]([O-])c1c2c(c(O)cc1)nccc2,Z56922155
FC(F)(F)c1cc(Nc2c(C(=O)O)cccn2)ccc1,Z56922127
O=C(O)C=1Oc2c(C(=O)C=1)cccc2,Z56922101
O=C(O)CCCCCNC(=O)C,Z56914861
O(CC)c1c(OCC)ccc(CC2=NCCc3c2cc(OCC)c(OCC)c3)c1.Cl,Z56896159
O=C1NC(=O)C=CN1,Z56889474
Ic1c(NC(=O)C)c(I)c(C(=O)O)c(I)c1NC(=O)C,Z56886396
NC(C)C12CC3CC(C1)CC(C2)C3.Cl,Z56872184
Nc1c2c(nc3c1cccc3)cccc2,Z56871821
O=C1N(N(C)C(C)=C1)c1ccccc1,Z56869297
O=C(N)CN1C(=O)CCC1,Z56865289
O=C(O)CCNC(=O)c1ccccc1,Z56854345
S(=O)(=O)(N)c1ccc(N)cc1,Z56851240
C(n1c2c(c3c1CCN(C)C3)cccc2)c1ccccc1,Z56841337
OC(CNCC)c1cc(O)ccc1,Z56836691
N(c1c(C)cccc1C)C=1SCCCN=1,Z56828371
S(N1CCOCC1)c1sc2c(n1)cccc2,Z56821717
O=C1NNC(=O)c2c1c(N)ccc2,Z56813244
O=C(O)C(CC)c1ccc(N2C(=O)c3c(cccc3)C2)cc1,Z56804486
FC(F)(F)c1cc(Nc2c(C(=O)O)cccc2)ccc1,Z56797275
N(CC)(CC)C=1n2ncnc2N=C(C)C=1,Z56791867
S(=O)(=O)(Nc1nc(C)cc(C)n1)c1ccc(N)cc1,Z56791687
O=C(Oc1ccc(C2(c3ccc(OC(=O)C)cc3)C(=O)Nc3c2cccc3)cc1)C,Z56791187
Nc1c2c(nc3c1CCCC3)cccc2,Z56790573
O=C1C(c2ccccc2)(c2ccccc2)NC(=O)N1,Z56786458
S(=O)(=O)(NC(=O)NC1CCCCC1)c1ccc(CCN2C(=O)C(C)(C)c3c(C2=O)cc(OC)cc3)cc1,Z56785257
Clc1ccc(C(=O)n2c(C)c(CC(=O)O)c3c2ccc(OC)c3)cc1,Z56784896
O=C(O)c1c2c(nc(-c3ccccc3)c1)cccc2,Z56782585
P(=O)(O)(O)C(P(=O)(O)O)(O)CCCN,Z56771118
O=S1(=O)OC(c2ccc(O)cc2)(c2ccc(O)cc2)c2c1cccc2,Z56768517
S(=O)(=O)(Nc1nc(OC)nc(OC)c1)c1ccc(N)cc1,Z56763920
S(=O)(=O)(CCn1c(C)ncc1[N+](=O)[O-])CC,Z56763819
C(c1c2c(ccc1)cccc2)C1=NCCN1,Z56762888
O=C(NCc1ccccc1)c1cc[n+](C)cc1.[I-],Z56761710
Fc1c(N2CCN(C)CC2)c2OCC(C)N3c2c(C(=O)C(C(=O)O)=C3)c1,Z56761309
O=[N+]([O-])c1ccc(C(O)CNC(C)C)cc1,Z56755859
O=C(O)c1c(Nc2c(C)c(C)ccc2)cccc1,Z56755828
O=C(O)c1cnccc1,Z56755709
FC(F)(F)c1c([N+](=O)[O-])ccc(NC(=O)C(C)C)c1,Z56755651
S(Sc1sc2c(n1)cccc2)c1sc2c(n1)cccc2,Z56754489
S(SC(=S)N(C)C)C(=S)N(C)C,Z56754480
Clc1c(S(=O)(=O)N)cc2S(=O)(=O)NCNc2c1,Z56347248
O(C)c1c(O)ccc(CC=C)c1,Z56347226
O=C1N(C)c2ncn(C)c2C(=O)N1,Z56347209
Clc1c(OCC(O)CNC(C)(C)C)cc(Cl)cc1,Z55682028
O=C(Nc1c(C)cccc1C)CN(CC)CC,Z55135799
O=C(N)c1c(OCC)cccc1,Z54953371
O=C(OCC)c1ccc(N)cc1,Z54178706
O=C1N(CC)C(=O)NC1c1ccccc1,Z53845223
O=C1N(C)C(=O)NC1(CC)c1ccccc1,Z53843610
Clc1ccc(OC(C(=O)OCC)(C)C)cc1,Z53835984
O=C(OCCC)c1ccccc1,Z53835171
O=C(OCCOCC)/C=C/c1ccc(OC)cc1,Z53833825
O=C(OCC)c1ccc(O)cc1,Z53833636
O=C(OCC)c1c(O)cccc1,Z53833295
O=[N+]([O-])c1cc(C2C(C(=O)OC(C)C)=C(C)NC(C)=C2C(=O)OCCOC)ccc1,Z53829207
S(=O)(=O)(N(CCC)CCC)c1ccc(C(=O)O)cc1,Z53037954
Clc1ccc(OC(C(=O)OCCn2c3C(=O)N(C)C(=O)N(C)c3nc2)(C)C)cc1,Z51093246
O=C1N(c2ccccc2)N=C(C)C1,Z50145861
Clc1c(/C=N/NC(=N)N)c(Cl)ccc1.Cl,Z49562666
OC(CCCC)c1ccccc1,Z445987132
S(=O)(=O)(NC(=O)NCCCC)c1ccc(C)cc1,Z44591715
O=C(Nc1c(C)cccc1)C(NCCC)C,Z44530398
Brc1ccc(NC2C3CC4CC2CC(C3)C4)cc1,Z440843598
S(=O)(=O)(N1CCNCCC1)c1c2c(cncc2)ccc1,Z432085130
O=C1N2C(=NC(C3=Nn4c(C(C)=C3)nc(C)c4)=C1)C=CC(N1CC3(NCC1)CC3)=C2.Cl,Z4168286686
Clc1c(C)cc(O)cc1C,Z405702410
O(CCc1ccc(OCC(O)CNC(C)C)cc1)C,Z398538014
FC(F)(F)C(=O)O.FC(F)(F)C(=O)O.FC(F)(F)C(=O)O.O=C(N[C@@](C(=O)N1CCC(N)(C(=O)O)CC1)CCCCN)[C@](NC(=O)[C@](NC(=O)[C@](N)Cc1ccccc1)Cc1ccccc1)CC(C)C,Z3905817531
Nc1c(N)ccnc1,Z385438794
O=C1C(CC)(C)CC(=O)N1,Z384975088
OCc1c(O)c(C)ncc1CO,Z382721012
O=C(O)c1c(NCCc2ccccc2)cccc1,Z381346304
ClC(Cl)C(c1c(Cl)cccc1)c1ccc(Cl)cc1,Z381079728
O=C(NCc1cc(OC)c(O)cc1)CCCCCCCC,Z373586944
N(Cc1occc1)c1ncnc2nc[nH]c12,Z372953774
S(=O)(=O)(NC(=O)c1c(N2C(C)(C)C[C@](C)C2)nc(-n2nc(OCC(C(F)(F)F)(C)C)cc2)cc1)c1c(C)nn(C)c1,Z3675381442
N12CN3CN(C1)CN(C3)C2,Z362014242
O=C1N(C)C(=O)CC1c1ccccc1,Z360145318
S(CCN1CCOCC1)c1[nH]c2c(n1)ccc(OCC)c2,Z351640822
O=C(O)CC[C@@](C)C1[C@@]2(C)C(=O)C[C@@]3[C@]4(C)[C@](CC(=O)[C@]3[C@@]2CC1)CC(=O)CC4,Z3407753879
S(=O)(=O)(OC)[O-].N(C)(C)c1cc2c([n+](C)c(/C=C/c3c(C)n(c(C)c3)-c3ccccc3)cc2)cc1,Z3400110582
O=C(O)CC1(CN)CCCCC1,Z336079954
O=C(N)c1nccnc1,Z33546644
O=C(N)c1cnccc1,Z33546463
O=C(OCC)N,Z33546369
S(=O)(=O)(/N=C/1\C(C)=C(C)NO\1)c1ccc(N)cc1,Z335430322
O=C(OCC)[C@](C[C@@](NC(=O)CCC(=O)[O-])Cc1ccc(-c2ccccc2)cc1)C.O=C(OCC)[C@](C[C@@](NC(=O)CCC(=O)[O-])Cc1ccc(-c2ccccc2)cc1)C.[Ca+2],Z3313642143
S(=O)(=O)(Nc1sccn1)c1ccc(NC(=O)c2c(C(=O)[O-])cccc2)cc1.[Na+],Z3281948767
O=C(OC)N[C@](C(=O)N1[C@](c2[nH]c(-c3ccc(-c4ccc(-c5[nH]c([C@]6N(C(=O)[C@@](NC(=O)OC)C(C)C)CCC6)nc5)cc4)cc3)cn2)CCC1)C(C)C.Cl.Cl,Z3247611631
O(CCOc1ccc(C(CC(C)(C)C)(C)C)cc1)CC[N+](Cc1ccccc1)(C)C.[Cl-],Z324590202
C(N1CCN(C)CC1)(c1ccccc1)c1ccccc1.Cl,Z3245419176
S(=O)(=O)(O)O.O=C(N[C@](C(=O)N[C@@]1C(=O)N[C@](CCN)C(=O)N[C@](Cc2ccccc2)C(=O)N[C@@](CC(C)C)C(=O)N[C@@](CCN)C(=O)N[C@@](CCN)C(=O)N[C@@]([C@](O)C)C(=O)NCC1)CCN)[C@@](NC(=O)[C@@](NC(=O)CCCCC(CC)C)CCN)[C@](O)C,Z3244598618
S(C1=C(C(=O)O)N2C(=O)[C@]([C@](O)C)[C@]2[C@]1C)[C@]1C[C@@](C(=O)N(C)C)NC1.O.O.O,Z3243814856
S(=O)(=O)(O)C.S(=O)(=O)(Nc1cc2c([nH]c(C(=O)N3CCN(c4c(NC(C)C)cccn4)CC3)c2)cc1)C,Z3243811539
O=C1N(C[C@]2[C@](CN3CCN(c4nsc5c4cccc5)CC3)CCCC2)C(=O)[C@@]2[C@]1[C@@]1C[C@]2CC1.Cl,Z3241270511
Clc1ccc(C(=O)NCCN2CCOCC2)cc1,Z32409934
Fc1ccc([C@]2(CCCN(C)C)OCc3c2ccc(C#N)c3)cc1.O=C(O)C(=O)O,Z3235136057
Clc1ccc(C(OCCN2CCCCC2)c2ccccc2)cc1.Cl,Z3234966609
S(=O)(=O)(C)c1c(C(=O)c2c(C3CC3)onc2)ccc(C(F)(F)F)c1,Z3234892128
S(=O)(=O)(O)C.Fc1c(C2(N)CC2)c2OC[C@](C)N3c2c(C(=O)C(C(=O)O)=C3)c1,Z3234818655
Clc1c2Oc3c(O[C@]4[C@](O[C@@]5O[C@@](C)[C@@](O)[C@](N)(C)C5)[C@@](O)[C@](O)C(CO)O4)c4Oc5c(Cl)cc([C@@](O)[C@]6C(=O)N[C@](C(=O)O)c7c(c(O)cc(O)c7)-c7c(O)ccc(c7)[C@](C(=O)N6)NC(=O)[C@](NC(=O)[C@](CC(=O)N)NC(=O)[C@](NC(=O)[C@](NC)CC(C)C)[C@](O)c(c1)cc2)c(c3)c4)cc5.Cl,Z3223135042
O=C/C=C/c1ccccc1,Z3219847383
Clc1c([C@@]2(Cn3cncc3)O[C@](COc3ccc(N4CCN(C(=O)C)CC4)cc3)CO2)ccc(Cl)c1,Z3219503092
P(=O)(O[C@](OC(=O)CC)C(C)C)(CC(=O)N1[C@](C(=O)O)C[C@@](C2CCCCC2)C1)CCCCc1ccccc1,Z3207130728
O=C(OC1C[C@@]2N(C)[C@@]([C@]3O[C@@]23)C1)[C@](CO)c1ccccc1.Br.O.O.O,Z3207130668
[Pt](Cl)Cl.N.N,Z3182781436
O=C(N(CC)CC)c1cc(C)ccc1,Z31723661
O=C(OCC)N1C(C(=O)O)CSC1,Z316101664
Sc1ncnc2[nH]cnc12,Z314598824
O(CC(O)CNCCc1cc(OC)c(OC)cc1)c1cc(C)ccc1,Z31382955
OC(CO)CN1CCN(c2ccccc2)CC1,Z31370892
O(CC(O)CN1CCN(c2c(OC)cccc2)CC1)c1c2c(ccc1)cccc2,Z31369389
Clc1cc2nc3c(c(NC(CCCN(CC)CC)C)c2cc1)cc(OC)cc3,Z31251611
S(=O)(=O)(O)O.O[C@@](CNC(C)(C)C)c1cc(CO)c(O)cc1,Z3071621361
O=C([O-])C1=NC(=O)NC(=O)N1.[K+],Z3066893590
[P@@](=O)(OC[C@@]1[C@@](O)[C@@](O)[C@](C#N)(c2n3N=CN=C(N)c3cc2)O1)(Oc1ccccc1)N[C@](C(=O)OCC(CC)CC)C,Z3064247938
S(CC1=C(C(=O)[O-])N2C(=O)[C@@](NC(=O)[C@](OC=O)c3ccccc3)[C@]2SC1)c1n(C)nnn1.[Na+],Z3041521791
O=C(OCC)COc1cc2OC(=O)C(CCN(CC)CC)=C(C)c2cc1.Cl,Z3041521404
O=C([O-])[C@@](C(=O)N[C@@]1C(=O)N2[C@@](C(=O)[O-])C(C)(C)S[C@]12)c1cscc1.[Na+].[Na+],Z3041519356
O=C(O)c1ccc(N2/C(=C\3/C(=O)C=CC=C/3)/N/C(=C/3\C(=O)C=CC=C\3)/N2)cc1,Z3041510169
O=C(N[C@@]1C(=O)N2[C@@](C(=O)O)C(C)(C)S[C@]12)[C@](N)c1ccc(O)cc1.O.O.O,Z3041510078
O=C(N[C@@]1C(=O)N2[C@@](C(=O)[O-])C(C)(C)S[C@]12)c1c(OCC)ccc2c1cccc2.[Na+],Z3025678941
O=C(OC)CCC(=O)CN.Cl,Z3015912776
S(=O)(=O)(N[C@](C(=O)N1[C@@](C(=O)O)C[C@](C)CC1)CCCNC(=N)N)c1c2NCC(C)Cc2ccc1.O,Z3014475009
S(=O)(=O)(O)O.O=C(O[C@]1[C@](O)(C(=O)OC)[C@@]2N(C)c3c(cc(c(OC)c3)[C@]3(C(=O)OC)c4[nH]c5c(c4CCN4C[C@](O)(CC)C[C@@](C3)C4)cccc5)[C@@]32[C@@]2[C@@]1(CC)C=CCN2CC3)C,Z3014322079
O=C(O)C1(C)Oc2c(C)c(C)c(O)c(C)c2CC1,Z3013814504
O[C@](CO)CN1CCN(c2ccccc2)CC1,Z301111588
O=C([O-])[C@](NC(=O)c1ccc(CCc2c3C(=O)NC(N)=Nc3[nH]c2)cc1)CCC(=O)[O-].[Na+].[Na+],Z2953646389
S(=O)(=O)(O)C.O=C(N[C@@]1(C)C(=O)N2[C@@](O)(O1)[C@]1N(C(=O)[C@@]2Cc2ccccc2)CCC1)[C@]1CN(C)[C@]2[C@@](c3c4c([nH]cc4C2)ccc3)C1,Z2939838603
FC(F)(F)c1cc(C(F)(F)F)cc([C@](O[C@@]2[C@@](N(CC3=NC(=O)NN3)CCO2)c2ccc(F)cc2)C)c1,Z2937147473
O=C(OCCCC)c1ccc(O)cc1,Z291799028
O=C(O)[C@](O)[C@@](O)C(=O)[O-].O=C(O)[C@](O)[C@@](O)C(=O)[O-].C(CC[N+]1(C)CCCC1)CC[N+]1(C)CCCC1,Z2901807455
NCCc1n[nH]cc1.Cl.Cl,Z2867120994
O=C(NC1CNCCC1)c1cc(OC)c(OC)c(OC)c1,Z285140914
O=C(N1CCOCC1)c1cc(OC)c(OC)c(OC)c1,Z28251506
O=C(N)C=1C(=O)[C@@]2(O)C(O)=C3C(=O)c4c(O)cccc4[C@](C)[C@]3[C@](O)[C@]2[C@](N(C)C)C=1O.O=C(N)C=1C(=O)[C@@]2(O)C(O)=C3C(=O)c4c(O)cccc4[C@](C)[C@]3[C@](O)[C@]2[C@](N(C)C)C=1O.OCC.Cl.Cl.O,Z2791720087
O=[N+]([O-])c1c(C2C(C(=O)OCC(C)C)=C(C)NC(C)=C2C(=O)OC)cccc1,Z277942268
S(=O)(=O)(N)c1sc(NC(=O)C)nn1,Z277559108
S(=O)(=O)(Nc1c(OC)nccn1)c1ccc(N)cc1,Z277559098
Clc1cc(C(=O)NCCc2ccc(S(=O)(=O)NC(=O)NC3CCCCC3)cc2)c(OC)cc1,Z277540138
S(=O)(=O)(O)O.Nc1cc2nc3c(cc2cc1)ccc(N)c3,Z2768171875
N([C@@](Cc1ccccc1)C)(CC#C)C.Cl,Z2768168341
O=C([O-])[C@](O)[C@@](O)[C@](O)[C@](O)CO.O=C([O-])[C@](O)[C@@](O)[C@](O)[C@](O)CO.[Ca+2],Z2768168188
O=C(OCCN1CCCCC1)c1c2OC(c3ccccc3)=C(C)C(=O)c2ccc1.Cl,Z2768134941
O=C(NC=1C(=O)N(N(C)C=1C)c1ccccc1)c1cnccc1,Z27661938
Clc1ccc(S(=O)(=O)NC(=O)NCCC)cc1,Z276509110
S(=O)(=O)(OCCCCOS(=O)(=O)C)C,Z276508890
O=C1C(c2ccccc2)C(=O)c2c1cccc2,Z276115700
O=C(OCCN(C)C)c1ccc(NCCCC)cc1.Cl,Z2756516968
O(CCCC)c1ccc(OCCCN2CCOCC2)cc1.Cl,Z2756516943
O=C(O[C@@]1[C@@](OC)C(C)(C)O[C@@](Oc2c(C)c3OC(=O)C(NC(=O)c4cc(C/C=C(\C)/C)c([O-])cc4)=C(O)c3cc2)[C@@]1O)N.[Na+],Z2756516923
O=C(N(C)c1ccc(N/C(/c2ccccc2)=C\2/C(=O)Nc3c/2ccc(C(=O)OC)c3)cc1)CN1CCN(C)CC1,Z2756516920
NC=1N2c3c(cccc3)Cc3c(cccc3)C2CN=1.Cl,Z2756516876
S(=O)(=O)(N)c1sc2S(=O)(=O)[C@@](C)C[C@](NCC)c2c1.Cl,Z2756516872
C(c1c(C)c(C)ccc1)c1nc[nH]c1.Cl,Z2756516861
S(CC1=C(C(=O)[O-])N2C(=O)[C@@](NC(=O)Cn3nnnc3)[C@]2SC1)c1sc(C)nn1.[Na+],Z2756516844
N(Cc1ccccc1)(CC1=NCCN1)c1ccccc1.Cl,Z2756516821
Clc1cc2C(N3CCN(C)CC3)=Nc3c(Oc2cc1)cccc3.O=C(O)CCC(=O)O,Z2756516768
Clc1cc2N(CCCN(C)C)c3c(cccc3)CCc2cc1.Cl,Z2756516761
S(=O)(=O)(/N=C(\N)/N)c1ccc(N)cc1,Z275534804
C(n1cncc1)(c1ccc(-c2ccccc2)cc1)c1ccccc1,Z275375166
O(C)c1c(C(O)C(N)C)cc(OC)cc1.Cl,Z2753379879
Nc1c(-c2ccccc2)nc2c(N)nc(N)nc2n1,Z275128596
Clc1c(S(=O)(=O)N)cc(C(=O)O)c(NCc2occc2)c1,Z275128584
FC=1C(=O)NC(=O)NC=1,Z275128052
O=C(N1CCN(c2nc(N)c3c(n2)cc(OC)c(OC)c3)CC1)c1occc1,Z275127478
O=C(Nc1ccc(OCC(O)CNC(C)C)cc1)C,Z274728816
S(=O)(=O)(CC)N1CC(CC#N)(n2ncc(-c3ncnc4[nH]ccc34)c2)C1,Z2724205326
O(CC(N)C)c1c(C)cccc1C,Z271014318
Clc1c(CC(=O)/N=C(\N)/N)c(Cl)ccc1.Cl,Z2696918787
N(C)C1(C)C(C)(C)C2CC1CC2.Cl,Z2685925293
O=C([O-])[C@@](NC(=O)c1ccc(NCC2N(C=O)C=3C(=O)N=C(N)NC=3NC2)cc1)CCC(=O)[O-].[Ca+2],Z2683233771
O(C)c1c(OC)ccc(Cc2c(N)nc(N)nc2)c1,Z2681892420
O=C(NCCO)/C=C/c1ccccc1,Z2681891576
O=C(Oc1c(C)c(C)c2O[C@@](CCC[C@@](CCC[C@@](CCCC(C)C)C)C)(C)CCc2c1C)C,Z2681891483
S(=O)(=O)(Nc1c(Oc2ccccc2)cc2C(=O)C(NC=O)=COc2c1)C,Z2681891323
O=C(O)CCN(C(=O)c1cc2nc(CNc3ccc(C(=N)N)cc3)n(C)c2cc1)c1ncccc1,Z2681891234
O=C(OC1C[C@@]2N(C)[C@](C1)CC2)c1c2c([nH]c1)cccc2,Z2681891229
SC(C(=O)NCC(=O)O)C,Z2681891170
O=C1NC=Nc2n([C@]3[C@](O)[C@](O)[C@@](CO)O3)cnc12,Z2681890654
Ic1c(NC(=O)COC)c(I)c(C(=O)NCC(O)CO)c(I)c1C(=O)N(CC(O)CO)C,Z2681890595
Clc1ccc(C(N2CCN(CCOCCO)CC2)c2ccccc2)cc1.Cl.Cl,Z2680630178
P(=O)(O)(O)C(P(=O)(O)O)(O)Cn1cncc1.O,Z2660640472
[P@@](=O)(Oc1ccccc1)(N[C@](C(=O)OC(C)C)C)CO[C@@](Cn1c2ncnc(N)c2nc1)C.O=C(O)/C=C/C(=O)O,Z2636644167
O=C(OC)[C@]1C2[C@]3([C@]4(C)C(=CC(=O)CC4)C1)O[C@@]3C[C@]1(C)[C@@]3(OC(=O)CC3)CC[C@@]21,Z2588064174
O=C(C(C)C)c1c(C(C)C)nn2c1C=CC=C2,Z2588063484
O=C(O)CC[C@@](C)[C@@]1[C@]2(C)[C@]([C@@]3[C@@](O)C[C@]4[C@@](C)([C@]3CC2)CC[C@@](O)C4)CC1,Z2588039022
Clc1ccc(C(=O)NCCc2ccc(OC(C(=O)O)(C)C)cc2)cc1,Z2588039015
Clc1ccc(C2CCC(C3=C(O)C(=O)c4c(C3=O)cccc4)CC2)cc1,Z2588038997
O=C(O)CCNC(=O)c1ccc(/N=N/c2cc(C(=O)O)c(O)cc2)cc1,Z2588038982
O=C(O)CN(CC(=O)O)CCN(CC(=O)O)CC(=O)O,Z2588038976
S(=O)(CCCC(F)(F)C(F)(F)F)CCCCCCCCC[C@]1C2[C@]3[C@@](C)([C@@](O)CC3)CC[C@@]2c2c(cc(O)cc2)C1,Z2588038967
O=C(NC1C[C@@]2N(C)[C@](C1)CCC2)c1nn(C)c2c1cccc2,Z2588038960
S(=O)(=O)(N1CCN(CC)CC1)c1cc(c(OCC)cc1)C1=NC(=O)c2c(C)nc(CCC)n2N1,Z2588038957
Nc1nc2c(c3n(CC(C)C)cnc13)cccc2,Z2588038940
O=C(Nc1ncccc1)C=1N(C)S(=O)(=O)c2c(C=1O)scc2,Z2588038907
O=C(N[C@@]1C(=O)N2[C@@](C(=O)O)C(C)(C)S[C@]12)[C@](NC(=O)N1C(=O)C(=O)N(CC)CC1)c1ccccc1,Z2587996977
Fc1c(N2C[C@]3NCCC[C@]3C2)c(OC)c2N(C3CC3)C=C(C(=O)O)C(=O)c2c1,Z2587996957
O(C)[C@@]1(C)[C@@](O)[C@](C)O[C@@](O[C@@]2[C@@](C)C(=O)O[C@](CC)[C@](O)(C)[C@](O)[C@@](C)C(=O)[C@](C)C[C@](O)(C)[C@](O[C@]3[C@](O)[C@@](N(C)C)C[C@@](C)O3)[C@]2C)C1,Z2587996953
O=C(N[C@@]1C(=O)N2C(C(=O)O)=C(C)CS[C@]12)[C@](N)c1ccc(O)cc1,Z2587996508
O=C(O)C(C)c1ccc(C(=O)c2sccc2)cc1,Z2587996507
S(=O)(=O)([O-])CCCC[N+]1=C(/C=C/C=C/C=C/C=C/2\N(CCCCS(=O)(=O)[O-])c3c(C\2(C)C)c2c(cc3)cccc2)C(C)(C)c2c3c(ccc12)cccc3.[Na+],Z2587758505
OC([C@](C=C[C@@](C)[C@@]1[C@]2(C)[C@](/C(=C\C=C\3/C[C@@](O)C[C@](O)C/3)/CCC2)CC1)C)(C)C,Z2583384655
S(=O)(=O)(Nc1ccc(C(O)CCCN(CCCCCCC)CC)cc1)C.S(=O)(=O)(Nc1ccc(C(O)CCCN(CCCCCCC)CC)cc1)C.O=C(O)/C=C/C(=O)O,Z2583205878
S(=O)(=O)(N(C)c1nc(C(C)C)c(/C=C/[C@@](O)C[C@@](O)CC(=O)[O-])c(-c2ccc(F)cc2)n1)C.[Na+],Z2583154880
S(CC1=C(C(=O)O)N2C(=O)[C@@](NC(=O)/C(=N/OC)/c3nc(N)sc3)[C@]2SC1)c1n(C)nnn1,Z2583154272
O=Cc1c(O)c(C)ncc1CO.Cl,Z2575039413
Brc1ccc(C(OCCN(C)C)(C)c2ccccc2)cc1,Z2574931930
S(=O)(=O)(O)O.N=C(NC(=N)N)N,Z2574927435
O=C1c2c(O)ccc(O)c2C(=O)c2c(NCCNCCO)ccc(NCCNCCO)c12.Cl.Cl,Z2569867923
O=C(O)[C@@](N[C@](C(=O)N1[C@](C(=O)O)CCC1)C)CCc1ccccc1.O.O,Z2569864568
O=C1N(CC)CC(CCN2CCOCC2)C1(c1ccccc1)c1ccccc1.Cl.O,Z2569809969
Clc1ccc(C(CN)CC(=O)O)cc1.Cl,Z2569257770
O=C(O)c1cc(C=2C(=O)/C(=N\NC=3C(=O)N(c4cc(C)c(C)cc4)NC=3C)/C=CC=2)ccc1,Z2568748600
Clc1c(F)ccc(Nc2ncnc3c2cc(NC(=O)/C=C/CN(C)C)c(O[C@@]2COCC2)c3)c1,Z2568727518
O=C(N)C(CNC(=O)[C@](C(C)C)C[C@](O)[C@@](N)C[C@@](C(C)C)Cc1cc(OCCCOC)c(OC)cc1)(C)C.O=C(N)C(CNC(=O)[C@](C(C)C)C[C@](O)[C@@](N)C[C@@](C(C)C)Cc1cc(OCCCOC)c(OC)cc1)(C)C.O=C(O)/C=C/C(=O)O,Z2568726960
Fc1cc2/C(=C/c3c(C)c(C(=O)NCCN(CC)CC)c(C)[nH]3)/C(=O)Nc2cc1,Z2568722545
Clc1cc(C(O)CN(CCCC)CCCC)c-2c(/C(=C/c3ccc(Cl)cc3)/c3c-2ccc(Cl)c3)c1,Z2568712703
O=C(O)/C=C/C(=O)O.O(CCN(C)c1ncccc1)c1ccc(CC2C(=O)NC(=O)S2)cc1,Z2568700088
O=C(O)/C=C/C(=O)O.O(CCO)CCN1CCN(C2=Nc3c(Sc4c2cccc4)cccc3)CC1.O(CCO)CCN1CCN(C2=Nc3c(Sc4c2cccc4)cccc3)CC1,Z2568699261
Clc1cc2nc(/C=C/c3cc([C@](SCC4(CC(=O)[O-])CC4)CCc4c(C(O)(C)C)cccc4)ccc3)ccc2cc1.[Na+],Z2568666690
Fc1ccc(-c2c(/C=C/[C@@](O)C[C@@](O)CC(=O)[O-])n(C(C)C)c3c2cccc3)cc1.[Na+],Z2568666661
O=C(O)Cc1cc2/C(=C\CCN(C)C)/c3c(cccc3)COc2cc1.Cl,Z2568665949
O=C1[C@@]2(O)[C@](C)CC[C@](O2)C[C@](OC)/C(/C)=C\C=C\C=C\[C@@](C)C[C@@](C)C(=O)[C@](OC)[C@](O)/C(/C)=C/[C@@](C)C(=O)C[C@@]([C@@](C[C@]2C[C@@](OC)[C@](O)CC2)C)OC(=O)[C@]2N(C1=O)CCCC2,Z2568665260
O=C(OCCN1CCOCC1)CC/C(=C/Cc1c(OC)c(C)c2c(c1O)C(=O)OC2)/C,Z2568665233
O=C(N[C@@]1C(=O)N2C(C(=O)O)=C(C=C)CS[C@]12)/C(=N/OCC(=O)O)/c1nc(N)sc1,Z2568664267
FC(F)(F)c1ccc(/C(=N\OCCN)/CCCCOC)cc1.O=C(O)/C=C/C(=O)O,Z2568647847
O=C1C(C/C=C(/CCC[C@@](CCC[C@@](CCCC(C)C)C)C)\C)=C(C)C(=O)c2c1cccc2,Z2568644345
Clc1cc2N(CCCN3CCN(C)CC3)c3c(Sc2cc1)cccc3.O=C(O)/C=C/C(=O)O.O=C(O)/C=C/C(=O)O,Z2568619526
Oc1ccc(/C(=C(\CC)/c2ccc(O)cc2)/CC)cc1,Z2568587997
O=S1(=O)NC(=O)c2c1cccc2,Z256708526
O=C(OCCN(CC)CC)C1(c2ccccc2)CCCC1,Z252849348
O(CCN(C)C)c1ccc(/C(=C(\CC)/c2ccccc2)/c2ccccc2)cc1,Z2527624834
Clc1c(COC(Cn2cncc2)c2c(Cl)cc(Cl)cc2)ccs1,Z2520891696
Brc1cc(F)c(Nc2ncnc3c2cc(OC)c(OCC2CCN(C)CC2)c3)cc1,Z2512943095
Clc1c(C#N)ccc(-c2nn(C[C@@](NC(=O)c3n[nH]c(C(O)C)c3)C)cc2)c1,Z2512157889
Clc1c(Nc2c(P(=O)(C)C)cccc2)nc(Nc2c(OC)cc(N3CCC(N4CCN(C)CC4)CC3)cc2)nc1,Z2512157852
O=C(Nc1noc(C)c1)C=1N(C)S(=O)(=O)c2c(C=1O)cccc2,Z2511727314
S(=O)(=O)(O)CCN,Z248489432
Clc1c(N)cc(OC)c(C(=O)N[C@@]2[C@](OC)CN(CCCOc3ccc(F)cc3)CC2)c1,Z2471178869
S(=O)(=O)(O)O.OC[C@@]1C=C[C@](n2c3nc(N)nc(NC4CC4)c3nc2)C1.OC[C@@]1C=C[C@](n2c3nc(N)nc(NC4CC4)c3nc2)C1,Z2471178866
O=C1N([C@@]2O[C@](CO)[C@@](O)C2)C=NC(N)=N1,Z2467077030
O=C(c1n2c(C(C(=O)O)CC2)cc1)c1ccccc1,Z2429420872
Fc1ccc(C(CCCN2CCC(N3C(=O)Nc4c3cccc4)CC2)c2ccc(F)cc2)cc1,Z241910386
Ic1c(O)c(I)cc2C(c3c(Cl)c(Cl)c(Cl)c(Cl)c3C(=O)O)=C3C(=C(I)C(=O)C(I)=C3)Oc12,Z2417819564
Clc1c(CO)n(Cc2ccc(-c3c(-c4[nH]nnn4)cccc3)cc2)c(CCCC)n1,Z2417557127
Ic1c(N(C(=O)C)C)c(I)c(C(=O)O)c(I)c1NC(=O)C,Z2417556930
[N+](CCCCCCCCCCCCCCCC)(C)(C)C.[Br-],Z2417556873
O=C(O)CCCCCCC/C=C/CCCCCCCC,Z2412194967
Clc1c(Cl)cccc1C1C(C(=O)OCC)=C(C)NC(C)=C1C(=O)OC,Z239864852
O=[N+]([O-])c1cc(C2C(C(=O)OCC)=C(C)NC(C)=C2C(=O)OC)ccc1,Z239859926
O=C(O)C(NC(=O)C)Cc1ccc(O)cc1,Z239130480
O=C(OCC1=C(C(=O)O)N2C(=O)[C@@](NC(=O)/C(=N/OC)/c3occc3)[C@]2SC1)N,Z2382058334
O[C@@]1[C@](C)C2[C@@]34OOC(C)(O[C@]3O1)CC[C@]4[C@](C)CC2,Z2379810087
O=C(O[C@@](CCCCCCCCCCC)C[C@]1[C@](CCCCCC)C(=O)O1)[C@@](NC=O)CC(C)C,Z2379810072
O=C1N(N(c2ccccc2)C(=O)C1CCCC)c1ccc(O)cc1,Z2379810069
OC[C@]1N(CCCC)C[C@](O)[C@@](O)[C@@]1O,Z2379810058
O(CCCCN1CCN(c2c3c(scc3)ccc2)CC1)c1cc2NC(=O)C=Cc2cc1,Z2373117814
Fc1c(C(O)(Cn2ncnc2)Cn2ncnc2)ccc(F)c1,Z235354561
SC([C@@](N)C(=O)O)(C)C,Z234896485
O=C(O)C(O)(CC(=O)O)CC(=O)O.O(C(c1c(C)cccc1)c1ccccc1)CCN(C)C,Z234896463
O=C(OC)Nc1[nH]c2c(n1)ccc(C(=O)c1ccccc1)c2,Z234895185
O=C(O)CCCc1ccccc1,Z234895119
Clc1c(CN2Cc3c(scc3)CC2)cccc1,Z231745614
O=C(OC)/C=C/C(=O)O,Z2315585555
Clc1ccc([C@](CCN(C)C)c2ncccc2)cc1.O=C(O)/C=C/C(=O)O,Z2315585265
Clc1ccc(C(OCCN(C)C)c2ncccc2)cc1.O=C(O)/C=C/C(=O)O,Z2315582665
N(C/C=C/C#CC(C)(C)C)(Cc1c2c(ccc1)cccc2)C,Z2315576259
Clc1cc2/C(=C\CCN(C)C)/c3c(Sc2cc1)cccc3,Z2315576239
O=C(O)CC/C(=C/Cc1c(OC)c(C)c2c(c1O)C(=O)OC2)/C,Z2315575694
OC/C=C(/CC/C=C(\C)/C)\C,Z2315575190
O(C)c1ccc(/C=C/C)cc1,Z2315575049
O=[N+]([O-])c1c(O)c(O)cc(/C=C(\C(=O)N(CC)CC)/C#N)c1,Z2315574782
C(=C\CN1CCCC1)(\c1ncccc1)/c1ccc(C)cc1.Cl,Z2312950560
S(C[C@](N)C(=O)O)CCCC/C=C(/NC(=O)[C@@]1C(C)(C)C1)\C(=O)O,Z2312626081
Clc1cc2c(Oc3c(cccc3)[C@@]3[C@@]2CN(C)C3)cc1.O=C(O)/C=C/C(=O)O,Z2312380776
O=C(O)/C=C(/C=C/C=C(/C=C/c1c(C)c(C)c(OC)cc1C)\C)\C,Z2312273468
Clc1ccc(C(CCN(C)C)c2ncccc2)cc1.O=C(O)/C=C/C(=O)O,Z2311928354
N(CCCC12c3c(cccc3)C(c3c1cccc3)CC2)C.Cl,Z2311574250
O=C(O)[C@@](NN)(Cc1cc(O)c(O)cc1)C,Z2301684895
Clc1cnc(NC(=O)C(=O)N[C@@]2[C@](NC(=O)c3sc4c(n3)CCN(C)C4)C[C@@](C(=O)N(C)C)CC2)cc1,Z2301684749
S(=O)(=O)(N(C[C@@](O)[C@@](NC(=O)O[C@@]1[C@]2[C@@](OC1)OCC2)Cc1ccccc1)CC(C)C)c1ccc(N)cc1,Z2301684748
O[C@@]1CC=2[C@@](C)([C@@]3[C@]([C@]4[C@@](C)(C(c5cnccc5)=CC4)CC3)CC=2)CC1,Z2301684603
S(c1c2c([nH]c1)cccc2)C1=NCCN1.I,Z2301534047
OC(CNC(C)(C)C)c1cc(CO)c(O)cc1,Z2301287926
S=C1N=C(N)Nc2nc[nH]c12,Z2299468139
Clc1ccc(C(=O)NC(C(=O)O)CC=2c3c(NC(=O)C=2)cccc3)cc1,Z2289798874
O=C1[C@@]2(O)[C@](C)CC[C@](O2)C[C@](OC)/C(/C)=C\C=C\C=C\[C@@](C)C[C@@](C)C(=O)[C@](OC)[C@](O)/C(/C)=C/[C@@](C)C(=O)C[C@@]([C@@](C[C@]2C[C@@](OC)[C@](OCCO)CC2)C)OC(=O)[C@]2N(C1=O)CCCC2,Z2289798859
O=C([O-])C[N+](C)(C)C,Z2289798098
O=C([O-])C(O)(CC(=O)[O-])CC(=O)[O-].[Li+].[Li+].[Li+],Z2289798095
O=C(N)c1c(/N=N/N(C)C)[nH]cn1,Z2289761610
FC(F)(F)c1ccc(NC(=O)c2c(C)onc2)cc1,Z228668542
Clc1c2c(c3c(c(C(O)CCN(CCCC)CCCC)c2)ccc(C(F)(F)F)c3)cc(Cl)c1.Cl,Z2285376546
N(CC/C=C/1\c2c(cccc2)CCc2c\1cccc2)C.Cl,Z227834786
Fc1ccc(C(=O)CCCN2CCC(N3C(=O)Nc4c3cccc4)CC2)cc1,Z2271075295
N(=C(/N(C)C)\N)\C(=N)N.Cl,Z2244578658
S(CC1=C(C(=O)O)N2C(=O)[C@@](NC(=O)[C@](NC(=O)N3C(=O)C(=O)N(CC)CC3)c3ccc(O)cc3)[C@]2SC1)c1n(C)nnn1,Z2242164637
FC(F)(F)c1c([N+](=O)[O-])ccc(N2C(=O)C(C)(C)NC2=O)c1,Z2242164525
O=C(NCCO)CCCCCCCCCCCCCCC,Z2242151306
O(C(C)(c1ncccc1)c1ccccc1)CCN(C)C,Z2242151271
S(=O)(=O)(NC(=O)COCCCCN(C(C)C)c1nc(c(-c2ccccc2)nc1)-c1ccccc1)C,Z2242135673
O=C(Nc1c(C)cccc1C)[C@]1N(CCCC)CCCC1,Z2242128693
N[C@]1[C@](c2ccccc2)C1.Cl,Z2242067488
Clc1ccc(C(N2CCN(CCOCC(=O)O)CC2)c2ccccc2)cc1.Cl.Cl,Z2242062189
O=C(O)[C@@](NC(=O)[C@@](O)[C@](N)Cc1ccccc1)CC(C)C,Z2242062173
C(C)(C)(C)c1cc(C)c(CC2=NCCN2)c(C)c1.Cl,Z2242061948
O=C1[C@@]2(O)[C@](C)C[C@](OC)[C@@]([C@@](OC)C[C@@](C)C/C(/C)=C/[C@@](CC=C)C(=O)C[C@](O)[C@@](C)[C@@](/C(=C/[C@]3C[C@@](OC)[C@](O)CC3)/C)OC(=O)[C@]3N(C1=O)CCCC3)O2,Z2242006187
O=C(Nc1sc(C)cn1)C1N(C)S(=O)(=O)c2c(C1=O)cccc2,Z2241984977
O=C(O)C[C@]1C(=O)N[C@@](Cc2c3c([nH]c2)cccc3)C(=O)N2[C@](C(=O)N[C@](C(=O)N)CSSCCC(=O)N[C@@](CCCC/N=C(\N)/N)C(=O)NCC(=O)N1)CCC2,Z2241982440
O=C(OCC)[C@@](N[C@](C(=O)N1[C@](C(=O)O)Cc2c(cccc2)C1)C)CCc1ccccc1.Cl,Z2240938942
O(C(c1ccccc1)c1ccccc1)CCN(C)C.Cl,Z2239078678
N(CCc1ncccc1)C.Cl.Cl,Z2238930991
O=C(OCC(=O)[C@]1(O)[C@]2(C)[C@]([C@]3[C@](C(=O)C2)[C@]2(C)C(=CC(=O)CC2)CC3)CC1)C,Z2238899644
O=C(OCCCCCC)/N=C(\N)/c1ccc(NCc2n(C)c3c(n2)cc(C(=O)N(CCC(=O)OCC)c2ncccc2)cc3)cc1,Z2235811583
S(=O)(=O)(NCCC1N(C)CCC1)c1cc(c(OCCC)cc1)C1=NC(=O)c2n(C)nc(CCC)c2N1,Z2235811577
O=C(N[C@@]1C(=O)N2C(C(=O)O)=C(C)CS[C@]12)[C@](N)C1=CCC=CC1,Z2235811518
O(C)c1cc2c([C@@](O)[C@]3N4C[C@](C=C)[C@](C3)CC4)ccnc2cc1,Z2235811384
O=C(Nc1c(C)cccc1C)[C@]1N(CCC)CCCC1,Z2235811359
Oc1c(C)c(C)c2O[C@@](CCC[C@@](CCC[C@@](CCCC(C)C)C)C)(C)CCc2c1C,Z2235811339
O=C(OC)/C=C/C(=O)OC,Z2235802810
P(=O)(OC[C@@]1[C@@](O)[C@](O)[C@](n2c3nc(F)nc(N)c3nc2)O1)(O)O,Z2235802254
ClCCN(CCCl)c1cc2nc(CCCC(=O)O)n(C)c2cc1.Cl,Z2235802251
Clc1ccc([C@](OC2CCN(CCCC(=O)O)CC2)c2ncccc2)cc1.S(=O)(=O)(O)c1ccccc1,Z2235802230
Clc1c2[C@@](O)[C@@]3C(C(=O)c2c(O)cc1)=C(O)[C@]1(O)C(=O)C(C(=O)N)=C(O)[C@@](N(C)C)[C@@]1C3.Cl,Z2235802217
O=C(NC1CC1)C(=O)[C@@](NC(=O)[C@]1N(C(=O)[C@@](NC(=O)[C@@](NC(=O)c2nccnc2)C2CCCCC2)C(C)(C)C)C[C@]2[C@@]1CCC2)CCC,Z2235802141
FC(F)(F)COc1c(OCCN[C@@](Cc2cc(C(=O)N)c3N(CCCO)CCc3c2)C)cccc1,Z2235802137
Clc1c(Nc2c(S(=O)(=O)C(C)C)cccc2)nc(Nc2c(OC(C)C)cc(c(C)c2)C2CCNCC2)nc1,Z2235802104
S(CCC)c1nc(N[C@]2[C@](c3cc(F)c(F)cc3)C2)c2nnn([C@]3[C@](O)[C@](O)[C@@](OCCO)C3)c2n1,Z2235802088
Clc1c(Cc2ccc(O[C@@]3COCC3)cc2)cc([C@]2[C@](O)[C@@](O)[C@](O)[C@@](CO)O2)cc1,Z2235802079
Clc1c(OC)ccc(CNc2c(C(=O)NCc3ncccn3)cnc(N3[C@](CO)CCC3)n2)c1,Z2235802070
O=C([C@@](N)C12CC3(O)CC(C1)CC(C3)C2)N1[C@](C#N)C[C@]2[C@@]1C2,Z2235802036
S(=O)(=O)(O)C.O(C(c1ccccc1)c1ccccc1)C1C[C@@]2N(C)[C@](C1)CC2,Z2235802006
Fc1ccc(-c2sc(Cc3c(C)ccc([C@]4[C@](O)[C@@](O)[C@](O)[C@@](CO)O4)c3)cc2)cc1,Z2235801995
Clc1sc2C(O)=C(C(=O)Nc3ncccc3)N(C)S(=O)(=O)c2c1,Z2235801980
O=C1N(Cc2nc(C)c3c(n2)cccc3)C(=O)c2n(CC#CC)c(N3C[C@](N)CCC3)nc2N1C,Z2235801970
Fc1c(CNC(=O)C=2C(=O)C(O)=C3C(=O)N4[C@](C)CCO[C@]4CN3C=2)ccc(F)c1,Z2235801952
P(=O)(OCN1C(=O)C(C)(C)Oc2c1nc(Nc1c(F)cnc(Nc3cc(OC)c(OC)c(OC)c3)n1)cc2)(O)O,Z2235801948
O=C(O)[C@](O)[C@@](O)C(=O)O.Oc1c([C@](CCN(C(C)C)C(C)C)c2ccccc2)cc(C)cc1,Z2235801945
Clc1cc2c(/C(=C/3\CCNCC\3)/c3ncccc3CC2)cc1,Z2235801903
Clc1c(NC(=O)NC2CC2)ccc(Oc2c3c(ncc2)cc(OC)c(C(=O)N)c3)c1,Z2235801899
O=C(C)[C@@]1[C@]2(C)[C@]([C@]3[C@@]([C@]4(C)C(=CC3)C[C@@](O)CC4)CC2)CC1,Z2235801892
FC1(F)Oc2c(O1)ccc(C1(C(=O)Nc3nc(c(C)cc3)-c3cc(C(=O)O)ccc3)CC1)c2,Z2235801884
Clc1c(Cc2ccc(OCC)cc2)cc([C@]2[C@](O)[C@@](O)[C@](O)[C@@](CO)O2)cc1,Z2235801883
O=C(N[C@](C[C@](O)[C@@](NC(=O)COc1c(C)cccc1C)Cc1ccccc1)Cc1ccccc1)[C@](C(C)C)N1C(=O)NCCC1,Z2235801862
O=C(OCC)[C@@](N[C@@]1C(=O)N(CC(=O)O)c2c(cccc2)CC1)CCc1ccccc1.Cl,Z2235801846
O=C1C=C2C(=C3[C@]([C@]4[C@@](C)([C@](O)(CC#N)CC4)CC3)CC2)CC1,Z2235801839
Clc1c(C(F)(F)F)cc(NC(=O)Nc2c(F)cc(Oc3cc(C(=O)NC)ncc3)cc2)cc1,Z2235801830
S(=O)(=O)(N)Cc1noc2c1cccc2,Z223042524
Fc1c(C(=O)N2CCN(C(=O)C3CC3)CC2)cc(CC2=NNC(=O)c3c2cccc3)cc1,Z2227698469
Clc1cc(c(-c2cnc(C)cc2)nc1)-c1ccc(S(=O)(=O)C)cc1,Z2216907255
Nc1c2c(C(c3ccccc3)CN(C)C2)ccc1,Z2216900850
O(C)C=1C(=O)C(CCCCCCCCCCO)=C(C)C(=O)C=1OC,Z2216898922
O=C(CC#N)N1C[C@](N(C)c2ncnc3[nH]ccc23)[C@](C)CC1,Z2216896219
O=C(C)C=1C(=O)N(C2CCCC2)c2nc(Nc3ncc(N4CCNCC4)cc3)ncc2C=1C,Z2216894329
O=C1N=C2N(C[C@](O)[C@](O)[C@](O)CO)c3c(N=C2C(=O)N1)cc(C)c(C)c3,Z2216887959
P(=O)(OC[C@@]1[C@@](O)[C@@](O)[C@](n2c3ncnc(N)c3nc2)O1)(O)O,Z2216887941
Fc1ccc(C(=O)C2CCN(CCN3C(=O)Nc4c(C3=O)cccc4)CC2)cc1,Z2216887910
S(c1c(C(=O)NC)cccc1)c1cc2[nH]nc(/C=C/c3ncccc3)c2cc1,Z2216885372
Fc1c(-c2ccccc2)ccc(C(C(=O)O)C)c1,Z2216885233
Clc1c(OC)cc(Nc2c(C#N)cnc3c2cc(OC)c(OCCCN2CCN(C)CC2)c3)c(Cl)c1,Z2216885221
O=C(N[C@@](CC(C)C)B(O)O)[C@@](NC(=O)c1nccnc1)Cc1ccccc1,Z2213886907
O=C(NCCN(C(C)C)C(C)C)CN1C(=O)CCC1,Z221101674
Clc1c(O)c(O)cc2C(c3ccc(O)cc3)CNCCc12.S(=O)(=O)(O)C,Z2210694608
OC[C@@]1[C@@](O)C[C@](n2c3N=CNC[C@@](O)c3nc2)O1,Z2204459563
ClCCN(CCCl)P1(=O)OCCCN1.O,Z2199621724
Clc1c(N)cc(OC)c(C(=O)NCCN(CC)CC)c1,Z2196779550
O=C([O-])c1c(O)c(Cc2c(O)c(C(=O)[O-])cc3c2cccc3)c2c(c1)cccc2.N(C)(C)c1cc2c([n+](C)c(/C=C/c3c(C)n(c(C)c3)-c3ccccc3)cc2)cc1.N(C)(C)c1cc2c([n+](C)c(/C=C/c3c(C)n(c(C)c3)-c3ccccc3)cc2)cc1,Z2196311755
O=C(O)[C@]1CN(CC/C=C(\c2c(C)ccs2)/c2c(C)ccs2)CCC1.Cl,Z2196311163
Clc1c(C(OCc2c3c(c(Cl)ccc3)sc2)Cn2cncc2)ccc(Cl)c1,Z2194031487
O=C(O[C@@]1(C(=O)C)[C@]2(C)[C@]([C@]3C([C@@](c4ccc(N(C)C)cc4)C2)=C2C(=CC(=O)CC2)CC3)CC1)C,Z2185283535
S(=O)(=O)([O-])c1ccccc1.S(=O)(=O)([O-])c1ccccc1.O=C(OCCCCCOC(=O)CC[N@+]1(C)[C@](Cc2cc(OC)c(OC)cc2)c2c(cc(OC)c(OC)c2)CC1)CC[N@+]1(C)[C@](Cc2cc(OC)c(OC)cc2)c2c(cc(OC)c(OC)c2)CC1,Z2185279095
O=C1N([C@]2C3CCN(C2)CC3)C[C@@]2c3c1cccc3CCC2,Z2185274784
SC[C@](NC(=O)CC[C@](N)C(=O)O)C(=O)NCC(=O)O,Z2183947556
[Au-](S[C@]1[C@](OC(=O)C)[C@@](OC(=O)C)[C@](OC(=O)C)[C@@](COC(=O)C)O1)[P+](CC)(CC)CC,Z2178867076
O=C1C(C(CC)c2ccccc2)=C(O)c2c(O1)cccc2,Z2177958148
Clc1cc2[C@](C(F)(F)F)(C#CC3CC3)OC(=O)Nc2cc1,Z2177953192
O=C(Nc1c(C(C)(C)C)cc(C(C)(C)C)c(O)c1)C=1C(=O)c2c(NC=1)cccc2,Z2146566713
O=C(N)C=1C(=O)[C@@]2(O)C(O)=C3C(=O)c4c(O)cccc4[C@](O)(C)[C@]3C[C@]2[C@](N(C)C)C=1O,Z2144222809
O=C(O)CCc1oc(c(-c2ccccc2)n1)-c1ccccc1,Z212055564
O=C1OCC([C@@]2[C@]3(C)[C@@](O)([C@]4[C@@]([C@]5(C)[C@@](C[C@@](O[C@@]6O[C@](C)[C@@](O[C@@]7O[C@](C)[C@@](O[C@@]8O[C@](C)[C@@](O)[C@@](O)C8)[C@@](O)C7)[C@@](O)C6)CC5)CC4)C[C@]3O)CC2)=C1,Z2108699066
S(=O)(=O)(CC(O)(C(=O)Nc1cc(C(F)(F)F)c(C#N)cc1)C)c1ccc(F)cc1,Z2108698963
O=C(O)CCCC[C@@]1SC[C@@]2NC(=O)N[C@]12,Z210803762
N(CCCN1c2c(cccc2)CCc2c1cccc2)C.Cl,Z2106607416
Brc1c(N)c(CN(C)C2CCCCC2)cc(Br)c1.Cl,Z2106590248
Clc1ccc(CC2=NN(C(=O)c3c2cccc3)C2CCN(C)CCC2)cc1.Cl,Z2074910255
ClC(Cl)C(=O)N[C@@]([C@](O)c1ccc(S(=O)(=O)C)cc1)CF,Z2065671685
O=C(C)c1cc2N(CCCN3CCC(CCO)CC3)c3c(Sc2cc1)cccc3,Z2065671295
ClC(Cl)C(=O)N[C@@]([C@](O)c1ccc([N+](=O)[O-])cc1)CO,Z2065671241
S=C(Oc1cc2c(cc1)cccc2)N(C)c1cc(C)ccc1,Z2065671220
Fc1cc2C(=O)C(C(=O)O)=CN3C(C)CCc(c23)c1,Z2065671185
O=C(O)C=1C(=O)c2c(N(CC)N=1)cc1OCOc1c2,Z2065671138
Clc1c([C@](Oc2c(N)ncc(-c3cn(C4CCNCC4)nc3)c2)C)c(Cl)ccc1F,Z2065417924
O=C(O)[C@](O)[C@@](O)C(=O)O.O[C@@]([C@@](N)C)c1cc(O)ccc1,Z2050038784
Brc1c(C[N+](CC)(C)C)cccc1.S(=O)(=O)([O-])c1ccc(C)cc1,Z2050011174
O=C(NNCc1ccccc1)c1noc(C)c1,Z2044793215
O=C(O)[C@](O)[C@@](O)C(=O)O.n1c2c(ncc1)cc1c(c2)[C@]2CNC[C@@]1C2,Z2044783305
O=[N+](O[C@]1[C@]2OC[C@](O[N+](=O)[O-])[C@]2OC1)[O-],Z2044782386
O=[N+]([O-])c1n(CC(=O)NCc2ccccc2)ccn1,Z2044771577
O=C(O)[C@@](N)Cc1c2c([nH]c1)ccc(O)c2,Z2044741046
O=C(O)[C@@](NC(=O)c1ccc(NCc2nc3c(O)nc(N)nc3nc2)cc1)CCC(=O)O,Z2042042504
S(=O)(=O)(OC)[O-].O=C(Oc1cc([N+](C)(C)C)ccc1)N(C)C,Z2037281404
FC(F)(CCCC)[C@]1(O)O[C@]2[C@@]([C@@](CCCCCCC(=O)O)C(=O)C2)CC1,Z2037281137
O=C(NCC[C@]1c2c3c(OCC3)ccc2CC1)CC,Z2037281108
Clc1cc(N2CCN(CCCN3C(=O)N(CCOc4ccccc4)C(CC)=N3)CC2)ccc1.Cl,Z2037281001
Fc1ccc(C(=O)c2cc3nc(NC(=O)OC)[nH]c3cc2)cc1,Z2037280409
O=C(Nc1nn2C(c3ccc(CN4CCS(=O)(=O)CC4)cc3)=CC=Cc2n1)C1CC1,Z2037280227
S(=O)(=O)(NC(C)(C)C)c1cc(Nc2c(C)cnc(Nc3ccc(OCCN4CCCC4)cc3)n2)ccc1,Z2037280076
Clc1c(Cl)cc(S(=O)(=O)N)cc1S(=O)(=O)N,Z2037279821
S(=O)(=O)(C)c1ccc(C2=C(c3ccccc3)C(=O)OC2)cc1,Z2037279770
FC(F)(F)c1cc(C(F)(F)F)cc(C(C(=O)N(C)c2c(-c3c(C)cccc3)cc(N3CCN(C)CC3)nc2)(C)C)c1,Z2037279612
Clc1ccc(C2=C(CN3CCN(c4cc(Oc5cnc6[nH]ccc6c5)c(C(=O)NS(=O)(=O)c5cc([N+](=O)[O-])c(NCC6CCOCC6)cc5)cc4)CC3)CCC(C)(C)C2)cc1,Z2037279542
Clc1ccc(NC=2/C(=N/C(C)C)/C=C3N(c4ccc(Cl)cc4)c4c(N=C3C=2)cccc4)cc1,Z2037279473
O[C@@]1CC=2[C@@](C)([C@@]3[C@]([C@]4[C@@](C)([C@@]([C@@](CCCC(C)C)C)CC4)CC3)CC=2)CC1,Z2033589790
SC(C(N)C(=O)O)(C)C,Z203244248
O=C1N(C)C(=O)c2[nH]cnc2N1C,Z203045518
S(=O)(=O)(O)c1cc2[nH]c(-c3ccccc3)nc2cc1,Z203045352
N=C(Nc1ccccc1)Nc1ccccc1,Z203045076
Sc1nc(O)cc(C)n1,Z203045042
O=C1NC(N)=Nc2n(CCC(CO)CO)cnc12,Z2025569265
Clc1c(C2C(C(=O)OCC)=C(COCCN)NC(C)=C2C(=O)OC)cccc1.S(=O)(=O)(O)c1ccccc1,Z199040762
O=C(OCc1ccccc1)c1ccccc1,Z19825582
O=C(OC1C[C@@]2[N+]3([C@](C1)CC2)CCCC3)C(O)(c1ccccc1)c1ccccc1.[Cl-],Z1980444595
O=C(OC)c1c(O)cccc1,Z19703590
O=C(OC)c1ccc(O)cc1,Z19674820
O=C(O)CC[C@@](C)[C@@]1[C@@]2(C)[C@@](O)C[C@@]3[C@]4(C)[C@](C[C@@](O)[C@]3[C@@]2CC1)C[C@](O)CC4,Z1954806455
N(C)(C)c1cc2[s+]c3c(nc2cc1)ccc(N(C)C)c3.[Cl-],Z1954806063
OCCc1c(C)[n+](Cc2c(N)nc(C)nc2)cs1.Cl.[Cl-],Z1954805523
O=C1N=CNc2[nH]ncc12,Z1954804966
S(=O)(=O)(Nc1nc(C)ccn1)c1ccc(N)cc1,Z1954804578
O=C(O)CCCCCCCCCCCCC,Z1954802504
OCC[N+](C)(C)C.[Cl-],Z1954802409
O=C(O)c1c(O)cccc1,Z1954801710
O=C(N)c1nn(-c2ccc(OC)cc2)c2C(=O)N(c3ccc(N4C(=O)CCCC4)cc3)CCc12,Z195110238
Clc1c(C(=O)Nc2c(-c3ccc(Cl)cc3)cccc2)cccn1,Z1948010801
C(N1CCNCCCNCCNCCC1)c1ccc(CN2CCNCCCNCCNCCC2)cc1,Z1889837352
Clc1c(Cl)ccc2N=C3N(CC(=O)N3)Cc12.Cl,Z1888397835
O=C(N[C@@]1C(=O)N2C(C(=O)O)=C(C)CS[C@]12)[C@](N)c1ccccc1,Z1880962282
O=C1N([C@]2[C@](O)[C@](O)[C@@](CO)O2)C=CC(N)=N1,Z1879263740
FC(F)(F)c1ccc(NC(=O)/C(/C#N)=C(\O)/C)cc1,Z1878131003
S(=O)(=O)(C[C@@](N1C(=O)c2c(NC(=O)C)cccc2C1=O)c1cc(OCC)c(OC)cc1)C,Z1837762189
FC(F)(F)c1c(CN2CCN(C)CC2)ccc(NC(=O)c2cc(C#Cc3n4N=CC=Cc4nc3)c(C)cc2)c1,Z1828098700
Fc1c(N2CC(C)NCC2)c(OC)c2N(C3CC3)C=C(C(=O)O)C(=O)c2c1,Z1824566854
S(=O)(=O)(O)C.N(CC#C)[C@]1c2c(cccc2)CC1,Z1820079046
FC(F)(F)c1ccc(OC(CCNC)c2ccccc2)cc1.Cl,Z1741982921
O=C(CCCCN1C(=O)N(C)c2ncn(C)c2C1=O)C,Z1741982628
Clc1cc2N=C(N3CCN(C)CC3)c3c(Nc2cc1)cccc3,Z1741982569
O=C(O)[C@@]1[C@@](O)C[C@]2(O)O[C@]1C[C@@](O[C@]1[C@@](O)[C@@](N)[C@](O)[C@@](C)O1)C=C/C=C/C=C/C=C/C=C/C=C/C=C/[C@](C)[C@@](O)[C@@](C)[C@](C)OC(=O)C[C@](O)C[C@](O)CC[C@@](O)[C@](O)C[C@](O)C2,Z1741982549
FC1(F)[C@](O)[C@@](CO)O[C@]1N1C(=O)N=C(N)C=C1,Z1741982024
O=C(NCCC(=O)[O-])[C@](O)C(CO)(C)C.[Na+],Z1741981540
Clc1c(S(=O)(=O)N)cc(C2(O)NC(=O)c3c2cccc3)cc1,Z1741981513
O=C(Nc1c(C)cccc1C)C1N(C)CCCC1,Z1741980843
O=C(O[C@@]1CC=2[C@@](C)([C@@]3[C@]([C@]4[C@@](C)(C(c5cnccc5)=CC4)CC3)CC=2)CC1)C,Z1741979782
Clc1cc(C(=O)C(NC(C)(C)C)C)ccc1.Cl,Z1741979718
Oc1cc2c(CCN)c[nH]c2cc1.Cl,Z1741979085
O(CCCCCOc1ccc(C(=N)N)cc1)c1ccc(C(=N)N)cc1,Z1741977993
P(=O)(O)(O)COCCn1c2ncnc(N)c2nc1,Z1741977297
O=C(N[C@@]1C(=O)N2C(C(=O)O)=C(COC(=O)C)CS[C@]12)Cc1sccc1,Z1741977144
OC(CNC)c1ccc(O)cc1.Cl,Z1741977143
Oc1ccc(C(CN(C)C)C2(O)CCCCC2)cc1,Z1741977125
O(C)c1c(OC)cc2c(C(=O)C(CC3CCN(Cc4ccccc4)CC3)C2)c1,Z1741977105
Clc1sc(C(=O)NC[C@@]2OC(=O)N(c3ccc(N4C(=O)COCC4)cc3)C2)cc1,Z1741977097
FC(F)(F)c1cc(CCCN[C@](C)c2c3c(ccc2)cccc3)ccc1.Cl,Z1741977003
FC(F)(F)c1cc(NC(=O)c2cc(Nc3nc(-c4cnccc4)ccn3)c(C)cc2)cc(-n2cc(C)nc2)c1,Z1741976994
O(C)c1cc2c([C@](O)[C@@]3N4C[C@](C=C)[C@](C3)CC4)ccnc2cc1,Z1741976976
O=C(CNC12CC3(O)C[C@](C1)C[C@@](C3)C2)N1[C@](C#N)CCC1,Z1741976872
O=C(OCC)c1n([C@](C)c2ccccc2)cnc1,Z1741976844
O=C(O)Cc1n(C)c(C(=O)c2ccc(C)cc2)cc1,Z1741975772
O=C(Nc1ccccc1)C1=C(C)OCCS1,Z1741975591
O=C(O)CCC(=O)CN.Cl,Z1741972992
O=C(O)C1CCC(CN)CC1,Z1741970429
P(=O)(OCc1c(C=O)c(O)c(C)nc1)(O)O,Z1741970251
O(CCc1ncc(CC)cc1)c1ccc(CC2C(=O)NC(=O)S2)cc1.Cl,Z1741968270
O=C(O)c1c2n(Cc3ccc(-c4c(-c5[nH]nnn5)cccc4)cc3)c(OCC)nc2ccc1,Z1741968269
N#Cc1ccc(C(n2ncnc2)c2ccc(C#N)cc2)cc1,Z1741968261
O=C(O)CC(CN)c1ccccc1.Cl,Z1741966111
S(=O)(=O)(Nc1sc(C)nn1)c1ccc(N)cc1,Z1713449471
S(=O)(=O)([O-])CCCNC(=O)C.S(=O)(=O)([O-])CCCNC(=O)C.[Ca+2],Z1696861853
Cl.C1(C2c3c(cccc3)CCC2)=NCCN1,Z1695906783
O=C(O)[C@@](C)c1cc2c(cc(OC)cc2)cc1,Z1695772815
Clc1c(NC2=NCCN2)c(Cl)ccc1.Cl,Z1695759754
O=C(O)C(C)c1ccc(CC(C)C)cc1,Z1695709473
O(C)c1c(CC(NC)C)cccc1.Cl,Z1691545280
FC(F)(F)Oc1ccc(CO[C@@]2COc3n(cc([N+](=O)[O-])n3)C2)cc1,Z1650127771
FC(F)(F)Oc1cc2sc(N)nc2cc1,Z164707762
FC(F)(F)c1cc2N(CCCN(C)C)c3c(Sc2cc1)cccc3.Cl,Z1631505638
O=C(O)/C=C/C(=O)O.O=C(O)/C=C/C(=O)O.CN1CC/C(=C\2/c3ncccc3CCc3c/2cccc3)/CC1,Z1623942918
[C@](C)(c1c(C)c(C)ccc1)c1nc[nH]c1.Cl,Z1617901127
N#CN/C(=N/c1ccncc1)/NC(C(C)(C)C)C.O,Z1617901125
FC1(F)CCC(C(=O)N[C@@](CCN2[C@]3CC(n4c(C(C)C)nnc4C)C[C@@]2CC3)c2ccccc2)CC1,Z1614451557
O=C(OC)c1c(O)cc(C)cc1,Z16128570
O=C(N[C@@]1C(=O)N2[C@@](C(=O)O)C(C)(C)S[C@]12)[C@](N)c1ccccc1,Z1603854590
N=C(NCC1OC2(OC1)CCCCC2)N.I,Z1592709025
Fc1ccc(C(=O)CCCN2CC=C(N3C(=O)Nc4c3cccc4)CC2)cc1,Z1592690523
N(CCCN1c2c(Sc3c1cccc3)cccc2)(C)C.Cl,Z1592690521
FC(F)(F)c1cc2N(CCCN3CCN(CCO)CC3)c3c(Sc2cc1)cccc3.Cl.Cl,Z1592690505
S(C)c1cc2N(CCC3N(C)CCCC3)c3c(Sc2cc1)cccc3.Cl,Z1592690502
Fc1c(N2CCN(C)CC2)c2OC[C@](C)N3c2c(C(=O)C(C(=O)O)=C3)c1,Z1590790198
Clc1ccc(C2(O)CCN(CCCC(=O)c3ccc(F)cc3)CC2)cc1,Z1590789254
Fc1c(N2C[C@@](C)N[C@@](C)C2)c(F)c2N(C3CC3)C=C(C(=O)O)C(=O)c2c1N,Z1590783391
Clc1c(Cl)c(C(=O)C(=C)CC)ccc1OCC(=O)O,Z1590781983
O([C@@]1(CO)[C@@](O)[C@](O)[C@@](CO)O1)[C@@]1[C@](O)[C@@](O)[C@](O)[C@@](CO)O1,Z1589255958
P(=O)([O-])([O-])[C@@]1[C@](C)O1.[Na+].[Na+],Z1583387379
N(CC/C=C/1\c2c(cccc2)C=Cc2c\1cccc2)(C)C.Cl,Z1575278780
S(=O)(=O)(N)c1c(C(F)(F)F)cc2NC(Cc3ccccc3)NS(=O)(=O)c2c1,Z1575277625
S(=O)(=O)(N)c1c(C(F)(F)F)cc2NCNS(=O)(=O)c2c1,Z1575271347
Clc1c(S(=O)(=O)N)cc2S(=O)(=O)NC(CSCc3ccccc3)=Nc2c1,Z1575268710
S(=O)(=O)(NC(=O)NN1CCCCCC1)c1ccc(C)cc1,Z1575267190
O=C(O)c1c2n(Cc3ccc(-c4c(C5=NC(=O)ON5)cccc4)cc3)c(OCC)nc2ccc1,Z1575099375
S(=O)(=O)(NC(=O)NC1CCCCC1)c1ccc(CCNC(=O)c2ncc(C)nc2)cc1,Z1575081877
O([C@@](CCNC)c1sccc1)c1c2c(ccc1)cccc2.Cl,Z1575081875
FC(F)(F)c1cc2N(CCCN3CCN(C)CC3)c3c(Sc2cc1)cccc3.Cl.Cl,Z1565440332
O=C(O)[C@]1C(C)(C)S(=O)(=O)[C@]2N1C(=O)C2,Z1563146038
ClC(Cl)C1NS(=O)(=O)c2c(N1)cc(Cl)c(S(=O)(=O)N)c2,Z1562203528
Clc1ccc(N/C(=N/C(=N/C(C)C)/N)/N)cc1.Cl,Z1558572526
O([C@]1[C@](O)[C@@](O)C(O)O[C@@]1CO)[C@@]1[C@](O)[C@@](O)[C@](O[C@@]2[C@](O)[C@@](O)[C@](N[C@@]3[C@](O)[C@@](O)[C@](O)C(CO)=C3)[C@@](C)O2)[C@@](CO)O1,Z1558515434
FC(F)(F)c1c(NC(=O)[C@@]2[C@]3(C)[C@]([C@]4[C@@]([C@@]5(C)C=CC(=O)N[C@@]5CC4)CC3)CC2)cc(C(F)(F)F)cc1,Z1558504346
O(C)[C@@]1(C)[C@@](O)[C@](C)O[C@@](O[C@@]2[C@@](C)C(=O)O[C@](CC)[C@](O)(C)[C@](O)[C@@](C)N(C)C[C@](C)C[C@](O)(C)[C@](O[C@]3[C@](O)[C@@](N(C)C)C[C@@](C)O3)[C@]2C)C1,Z1558483766
O(C)c1cc2c(cc1)[C@@]1[C@]([C@]3[C@@](C)([C@](O)(C#C)CC3)CC1)CC2,Z1557501642
O(C)c1ccc(C(CN(C)C)C2(O)CCCCC2)cc1.Cl,Z1557494602
Fc1ccc([C@]2[C@](COc3cc4OCOc4cc3)CNCC2)cc1.Cl,Z1557492145
S(=O)(CCC1C(=O)N(N(c2ccccc2)C1=O)c1ccccc1)c1ccccc1,Z1557407327
O(C)c1c(OC)ccc(C(C#N)(C(C)C)CCCN(CCc2cc(OC)c(OC)cc2)C)c1.Cl,Z1557407143
N(CC/C=C/1\c2c(OCc3c\1cccc3)cccc2)(C)C.Cl,Z1557407006
Ic1c(Oc2cc(I)c(O)cc2)c(I)cc(C[C@](N)C(=O)O)c1,Z1557400301
O(C)c1c2O[C@@]3[C@]4(c2c(cc1)CN(C)CC4)C=C[C@](O)C3.Br,Z1557400300
O=C(CO)[C@@]1(O)C[C@](O[C@@]2O[C@@](C)[C@@](O)[C@@](N)C2)c2c(O)c3C(=O)c4c(OC)cccc4C(=O)c3c(O)c2C1.Cl,Z1557399790
O=C(N)C(CCN(C(C)C)C(C)C)(c1ncccc1)c1ccccc1,Z1556052559
S(=O)(=O)(O)O.OC(CNC(C)(C)C)c1cc(O)cc(O)c1.OC(CNC(C)(C)C)c1cc(O)cc(O)c1,Z1556051334
Ic1c(OCCN(CC)CC)c(I)cc(C(=O)c2c(CCCC)oc3c2cccc3)c1.Cl,Z1554104509
O=C(N1CC(=O)N2C(c3c(cccc3)CC2)C1)C1CCCCC1,Z1554103331
Clc1c(-c2c(C(=O)N[C@@]3C(=O)N4[C@@](C(=O)[O-])C(C)(C)S[C@]34)c(C)on2)c(Cl)ccc1.[Na+].O,Z1554101876
O=C1OCC([C@@]2[C@]3(C)[C@@](O)([C@]4[C@@]([C@]5(C)[C@@](C[C@@](O[C@@]6O[C@](C)[C@@](O[C@@]7O[C@](C)[C@@](O[C@@]8O[C@](C)[C@@](O)[C@@](O)C8)[C@@](O)C7)[C@@](O)C6)CC5)CC4)CC3)CC2)=C1,Z1552200029
S(=O)(=O)(NC(=O)NC1CCCCC1)c1ccc(C(=O)C)cc1,Z1552195936
Clc1cc2nccc(Nc3cc(CN(CC)CC)c(O)cc3)c2cc1.Cl.Cl.O.O,Z1552192759
O=C([O-])C(C)c1cc(Oc2ccccc2)ccc1.O=C([O-])C(C)c1cc(Oc2ccccc2)ccc1.[Ca+2].O.O,Z1552187007
O=C1[C@@]2Oc3c(O)ccc4c3[C@@]32[C@](O)([C@](N(CC2CC2)CC3)C4)CC1.Cl,Z1552161470
ClCCN(CCCl)c1ccc(CCCC(=O)O)cc1,Z1552153009
O=C(N)N1c2c(C(=O)Cc3c1cccc3)cccc2,Z1551967555
O=[N+]([O-])c1cc(C2C(C(=O)OCCN(Cc3ccccc3)C)=C(C)NC(C)=C2C(=O)OC)ccc1.Cl,Z1551967349
O=C(O)c1c(-c2ccc(Cn3c(CCC)nc4c(C)cc(-c5n(C)c6c(n5)cccc6)cc34)cc2)cccc1,Z1551967334
O=C(O[C@]1C(=O)N(CCN(C)C)c2c(S[C@]1c1ccc(OC)cc1)cccc2)C.Cl,Z1551967090
Ic1c(Oc2cc(I)c(O)c(I)c2)c(I)cc(C[C@](N)C(=O)[O-])c1.[Na+],Z1551967075
Clc1cc2nccc(NC(CCCN(CCO)CC)C)c2cc1.S(=O)(=O)(O)O,Z1551900864
S(=O)(=O)(N(C[C@@](O)[C@@](NC(=O)O[C@@]1COCC1)Cc1ccccc1)CC(C)C)c1ccc(N)cc1,Z1551900491
Clc1nc(N)c2ncn([C@]3[C@@](F)[C@](O)[C@@](CO)O3)c2n1,Z1551900487
N(CCC)[C@@]1Cc2sc(N)nc2CC1.Cl.Cl.O,Z1551900340
S(=O)(=O)(O)O.O([C@]1[C@](O[C@@]2[C@](N)[C@@](O)[C@](O)[C@@](CO)O2)[C@@](N)C[C@@](N)[C@@]1O)[C@]1[C@](O)[C@](O[C@@]2[C@](N)[C@@](O)[C@](O)[C@](CN)O2)[C@@](CO)O1,Z1551627167
NC12CC3(C)CC(C)(C1)CC(C2)C3.Cl,Z1551429722
FC(F)C(N)(C(=O)O)CCCN.Cl.O,Z1550675464
Cl.c1([C@@]2N=C3SCCN3C2)ccccc1,Z1550648764
Fc1ccc(C2(CCCN(C)C)OCc3c2ccc(C#N)c3)cc1.Br,Z1550648760
O=C1N([C@@]2O[C@](CO)CC2)C=CC(N)=N1,Z1550648753
O=C1C2(C(=O)O[Pt](N)(N)O1)CCC2,Z1546624241
O=C(Nc1cc(Nc2nc(-c3cnccc3)ccn2)c(C)cc1)c1ccc(CN2CCN(C)CC2)cc1,Z1546624232
O=C(OCCOCn1c2N=C(N)NC(=O)c2nc1)[C@@](N)C(C)C.Cl,Z1546624231
O(CCOc1c(OCCOC)cc2ncnc(Nc3cc(C#C)ccc3)c2c1)C.Cl,Z1546621749
O=C(OC(C)(C)C)N[C@]([C@@](O)C(=O)O[C@@]1C(C)=C2C(C)(C)[C@](O)([C@@](OC(=O)c3ccccc3)[C@]3[C@](C)(C(=O)[C@@]2O)[C@@](O)C[C@@]2[C@@]3(OC(=O)C)CO2)C1)c1ccccc1,Z1546621742
N(CCN(Cc1ccccc1)c1ncccc1)(C)C.Cl,Z1546621741
S(=O)(=O)(O)O.O=C(N[C@@]1[C@](O)Cc2c1cccc2)[C@@](C[C@](O)CN1[C@](C(=O)NC(C)(C)C)CN(Cc2cnccc2)CC1)Cc1ccccc1,Z1546616207
S(=O)(=O)(NC(=O)c1cc(OC)c(Cc2c3c(n(C)c2)ccc(NC(=O)OC2CCCC2)c3)cc1)c1c(C)cccc1,Z1546616205
OC(CCN1CCCCC1)(c1ccccc1)C1CCCCC1.Cl,Z1546616204
O(CC[N+](CC)(CC)CC)c1c(OCC[N+](CC)(CC)CC)cccc1OCC[N+](CC)(CC)CC.[I-].[I-].[I-],Z1546616201
O=C(OCC#CCN(CC)CC)C(O)(c1ccccc1)C1CCCCC1.Cl,Z1546616198
S(C(=O)C)[C@]1[C@]2[C@]3[C@@](C)([C@@]4(OC(=O)CC4)CC3)CC[C@@]2[C@]2(C)C(=CC(=O)CC2)C1,Z1546616196
P(=O)(O)(O)CO[C@@](Cn1c2ncnc(N)c2nc1)C,Z1546616194
O=C1NC=Nc2n([C@@]3O[C@](CO)CC3)cnc12,Z1546616193
O=C(N)C(c1ccccc1)(c1ccccc1)[C@]1CN(CCc2cc3c(OCC3)cc2)CC1.Br,Z1546616192
Clc1ccc(C2(O)CCN(CCC(C(=O)N(C)C)(c3ccccc3)c3ccccc3)CC2)cc1.Cl,Z1546610490
O=C1N([C@]2O[C@@](CO)[C@](O)C2)C=C(C)C(=O)N1,Z1546610488
Clc1c(NC(=O)c2sc(Nc3nc(C)nc(N4CCN(CCO)CC4)c3)nc2)c(C)ccc1,Z1546610486
Clc1c(F)ccc(Nc2ncnc3c2cc(OCCCN2CCOCC2)c(OC)c3)c1,Z1546610485
O=C(N(O)C(C)c1sc2c(c1)cccc2)N,Z1546610483
Clc1cc2C(O)CCCN(C(=O)c3c(C)cc(NC(=O)c4c(C)cccc4)cc3)c2cc1,Z1546610480
Fc1cc2C(=O)N(C)Cc3c(C(=O)OCC)ncn3-c2cc1,Z1546610479
N(CCCN1c2c(cccc2)CCc2c1cccc2)(C)C.Cl,Z1546610478
Fc1ccc(-c2n(CC[C@@](O)C[C@@](O)CC(=O)O)c(C(C)C)c(C(=O)Nc3ccccc3)c2-c2ccccc2)cc1.Fc1ccc(-c2n(CC[C@@](O)C[C@@](O)CC(=O)O)c(C(C)C)c(C(=O)Nc3ccccc3)c2-c2ccccc2)cc1.[Ca].O.O.O,Z1546610476
Clc1cc2C(N3CCNCC3)=Nc3c(Oc2cc1)cccc3,Z1546610475
O(CCO)Cn1c2NC(N)=NC(=O)c2nc1,Z1546610471
S(=O)(=O)(C)c1cc(C(=O)NCCN(CC)CC)c(OC)cc1,Z1545310764
S(=O)(=O)(NC)Cc1cc2c(CCN(C)C)c[nH]c2cc1.O=C(O)CCC(=O)O,Z1544404947
Clc1c([C@]2(Cn3ncnc3)O[C@@](COc3ccc(N4CCN(c5ccc(N6C(=O)N(C(CC)C)N=C6)cc5)CC4)cc3)CO2)ccc(Cl)c1,Z1544404944
O(C)c1c(OC)cc2c(c1)C1N(CC(CC(C)C)C(=O)C1)CC2,Z1544404943
Clc1c(Cl)ccc([C@]2c3c([C@@](NC)CC2)cccc3)c1.Cl,Z1544404500
O=C1Oc2c(C)c3oc(C)cc3cc2C(C)=C1,Z1544404499
S(C(Sc1cc(C(C)(C)C)c(O)c(C(C)(C)C)c1)(C)C)c1cc(C(C)(C)C)c(O)c(C(C)(C)C)c1,Z1544404498
Fc1c(N2CCNCC2)nc2N(CC)C=C(C(=O)O)C(=O)c2c1,Z1544404495
Clc1c(-c2c(C(=O)N[C@@]3C(=O)N4[C@@](C(=O)[O-])C(C)(C)S[C@]34)c(C)on2)cccc1.[Na+].O,Z1544404032
O=C(N[C@@]1C(=O)N2C(C(=O)[O-])=C(COC(=O)C)CS[C@]12)/C(=N/OC)/c1nc(N)sc1.[Na+],Z1544404029
O=C1C=C2[C@@]([C@@]3[C@]([C@]4[C@@](CC)([C@](O)(C#C)CC4)CC3)CC2)CC1,Z1544404028
O=C(OCC[N+](CC)(CC)C)C(O)(c1ccccc1)C1CCCCC1.[Br-],Z1544404024
O=C(Oc1cc2c(CC)c3c(nc2cc1)C=1N(C(=O)C2=C([C@@](O)(CC)C(=O)OC2)C=1)C3)N1CCC(N2CCCCC2)CC1.Cl,Z1541760033
O(C)[C@@]1[C@](C)[C@]2[C@@]34OO[C@@](C)(O[C@]3O1)CC[C@]4[C@](C)CC2,Z1541759910
O=C1[C@](O)(CC)C2=C(C(=O)N3C(c4nc5c(c(CC)c4C3)cc(O)cc5)=C2)CO1,Z1541759909
O=C(OCC1=C(C)OC(=O)O1)c1n(Cc2ccc(-c3c(-c4[nH]nnn4)cccc3)cc2)c(CCC)nc1C(O)(C)C,Z1541759904
OC1=C(C#N)C[C@@]2(C)[C@@]3(O[C@]13)CC[C@]1[C@]3[C@@](C)([C@@](O)CC3)CC[C@]21,Z1541759903
Clc1c([C@@](C(=O)OC)N2Cc3c(scc3)CC2)cccc1.S(=O)(=O)(O)O,Z1541759896
O=C(O[C@@]1[C@]2(C)[C@]([C@]3[C@@]([C@]4(C)[C@](C[C@](OC(=O)C)[C@@](N5CCCCC5)C4)CC3)CC2)C[C@@]1[N+]1(C)CCCCC1)C.[Br-],Z1541759894
O=C(O)C(O)C(O)C(=O)O.O=C(N[C@]1[C@](OC(CC)CC)C=C(C(=O)O)C[C@@]1N)C,Z1541759893
O=C(NC(C)C)c1ccc(CNNC)cc1.Cl,Z1541759748
Clc1cc(N2CCN(CCCN3C(=O)N4C(=N3)C=CC=C4)CC2)ccc1.Cl,Z1541759504
O=C1N(CCCCN2CCN(c3ncccn3)CC2)C(=O)CC2(C1)CCCC2.Cl,Z1541759502
Fc1ccc([C@@](O)CC[C@]2C(=O)N(c3ccc(F)cc3)[C@@]2c2ccc(O)cc2)cc1,Z1541759501
O=C(O)c1c(C)nc(-c2cc(C#N)c(OCC(C)C)cc2)s1,Z1541759499
P(=O)(O)(O)O.O=C(N[C@]1[C@](OC(CC)CC)C=C(C(=O)OCC)C[C@@]1N)C,Z1541759495
S(=O)(=O)(Nc1cc2c(C(=O)c3ccc(OCCCN(CCCC)CCCC)cc3)c(CCCC)oc2cc1)C.Cl,Z1541759373
ClCC1N(C)S(=O)(=O)c2c(N1)cc(Cl)c(S(=O)(=O)N)c2,Z1541759222
S(=O)(=O)(N)c1c(Oc2ccccc2)c(NCCCC)cc(C(=O)O)c1,Z1541758727
O=C(O)c1n(Cc2ccc(-c3c(-c4[nH]nnn4)cccc3)cc2)c(CCC)nc1C(O)(C)C,Z1541758605
Clc1cc(C(O)CN(CCCC)CCCC)c-2c(/C(=C/c3ccc(Cl)cc3)/c3c-2ccc(Cl)c3)c1,Z1541758602
Clc1cc2nccc(NC(CCCN(CC)CC)C)c2cc1.P(=O)(O)(O)O.P(=O)(O)(O)O,Z1541662176
S(=O)(=O)(N)c1c(C)ccc(Nc2nc(N(C)c3cc4nn(C)c(C)c4cc3)ccn2)c1,Z1541638525
[O-][n+]1c(N)nc(N2CCCCC2)cc1N,Z1541638524
Clc1c(N)nc(N)c(C(=O)NC(=N)N)n1.Cl.O.O,Z1541632803
O=C(OCc1ncccc1)C(C)c1ccc(CC(C)C)cc1,Z1537603096
O=C(Nc1nccc(C)c1)C(C)c1cc(C(=O)c2ccccc2)ccc1,Z1537384907
O=C(NCCO)C(C)c1ccc(CC(C)C)cc1,Z1537048897
Fc1ccc(CNC(=O)C2=C(O)C(=O)N(C)C(C(NC(=O)c3oc(C)nn3)(C)C)=N2)cc1,Z1532717445
Fc1c(Cn2nnc(C(=O)N)c2)c(F)ccc1,Z1532717444
FC(F)(F)c1nc2c(C(F)(F)F)cccc2c([C@@](O)[C@]2NCCCC2)c1.Cl,Z1532363097
Clc1c(Cl)cccc1-c1c(N)nc(N)nn1,Z1532338577
S(=O)(=O)(Nc1c(Oc2c(OC)cccc2)c(OCCO)nc(-c2ncccn2)n1)c1ccc(C(C)(C)C)cc1,Z1530532762
O=C(CO)[C@]1(O)[C@]2(C)[C@]([C@]3[C@@]([C@]4(C)C(=CC(=O)C=C4)CC3)C(=O)C2)C[C@@]1C,Z1530532760
O=C(OCC(COC(=O)C)CCn1c2nc(N)ncc2nc1)C,Z1530532759
O=C(O)C(C)c1cc(C(=O)c2ccccc2)ccc1,Z1530532758
Clc1ccc([C@@](OCC[C@@]2N(C)CCC2)(C)c2ccccc2)cc1.Cl,Z1530532757
O=C(NO)CCCCCCC(=O)Nc1ccccc1,Z1530532755
Clc1cc2N(CCCN3CCN(CCO)CC3)c3c(Sc2cc1)cccc3,Z1530532754
O=C1[C@]2(C)[C@]([C@]3[C@@](c4c(cc(O)cc4)CC3)CC2)CC1,Z1530425070
O=C1N([C@@]2O[C@](CO)C=C2)C=C(C)C(=O)N1,Z1530425068
O=C(CO)[C@]1(O)[C@]2(C)[C@]([C@]3[C@@]([C@]4(C)C(=CC(=O)CC4)CC3)[C@@](O)C2)CC1,Z1530425064
Clc1cc2c([nH]c3c2ccc(C(C(=O)O)C)c3)cc1,Z1530425063
NC12CC3CC(C1)CC(C2)C3.Cl,Z1522567174
S(=O)(=O)(Nc1ncccc1)c1ccc(/N=N/c2cc(C(=O)O)c(O)cc2)cc1,Z1521554012
O=C(OCC(COC(=O)N)c1ccccc1)N,Z1521554005
O=C(N)Cc1ccc(OCC(O)CNC(C)C)cc1,Z1521553991
O=C(OCC(O)COc1c(OC)cccc1)N,Z1521553984
S(CCN/C(/NC)=C/[N+](=O)[O-])Cc1nc(CN(C)C)sc1,Z1521553983
O=C(O)[C@@](NC(=O)c1ccc(N(Cc2nc3c(N)nc(N)nc3nc2)C)cc1)CCC(=O)O,Z1521553982
Fc1cc2onc(C3CCN(CCCOc4c(OC)cc(C(=O)C)cc4)CC3)c2cc1,Z1521553906
Clc1c(Cl)cccc1N1CCN(CCCCOc2cc3NC(=O)CCc3cc2)CC1,Z1521553846
Clc1cc2c(/C(=C/3\CCN(C(=O)OCC)CC\3)/c3ncccc3CC2)cc1,Z1521553845
Clc1c(Cl)cccc1C1C(C(=O)OCOC(=O)CCC)=C(C)NC(C)=C1C(=O)OC,Z1521553844
Oc1cc2c(cc1)[C@@]1[C@]([C@]3[C@@](C)([C@@](O)CC3)CC1)CC2,Z1521553843
Oc1cc2c(cc1)[C@@]1[C@]([C@]3[C@@](C)([C@](O)(C#C)CC3)CC1)CC2,Z1521553721
Fc1c([C@](O)([C@@](C)c2c(F)cncn2)Cn2ncnc2)ccc(F)c1,Z1521553720
P(=O)(O)(O)C(P(=O)(O)[O-])(O)CCN(CCCCC)C.[Na+].O,Z1521553718
F[C@@]12[C@]3(C)C(=CC(=O)C=C3)CC[C@]1[C@]1[C@@](C)([C@@](O)(C(=O)CO)[C@@](C)C1)C[C@@]2O,Z1521553714
FC(F)(F)c1n2c(nn1)CN(C(=O)C[C@](N)Cc1c(F)cc(F)c(F)c1)CC2,Z1521553713
S(=O)(=O)(NC(=N)CCSCc1nc(/N=C(\N)/N)sc1)N,Z1521553705
O=C(OCc1scnc1)N[C@]([C@@](O)C[C@@](NC(=O)[C@@](NC(=O)N(Cc1nc(C(C)C)sc1)C)C(C)C)Cc1ccccc1)Cc1ccccc1,Z1521553599
Fc1cc2onc(C3CCN(CCC=4C(=O)N5C(C(O)CCC5)=NC=4C)CC3)c2cc1,Z1521553597
O=C1Nc2c(c(CCN(CCC)CCC)ccc2)C1.Cl,Z1521553578
FC=1C(N)=NC(=O)N([C@]2O[C@@](CO)SC2)C=1,Z1521553474
O=C1Nc2c(C)ccnc2N(C2CC2)c2ncccc12,Z1521553473
CN1CCN(C2=Nc3c(Nc4sc(C)cc24)cccc3)CC1,Z1521553472
O=C(O)CC1(CC)OCCc2c3c(c(CC)ccc3)[nH]c12,Z1521549186
S(C)[C@@]1[C@](O)[C@@](O)[C@@](O)[C@@]([C@](NC(=O)[C@]2N(C)C[C@](CCC)C2)[C@](O)C)O1,Z1515385088
S(=O)(=O)(NC(=O)NC(C)C)c1c(Nc2cc(C)ccc2)ccnc1,Z1515385087
Clc1ccc(-c2c(N)nc(N)nc2CC)cc1,Z1515385085
Fc1c(N2CCOCC2)ccc(N2C(=O)O[C@@](CNC(=O)C)C2)c1,Z1515385084
S(=O)(=O)(Nc1c(OC)c(OC)ncn1)c1ccc(N)cc1,Z1515385080
N#CC(C)(C)c1cc(C(C#N)(C)C)cc(Cn2ncnc2)c1,Z1515385077
O(C)[C@@]1(C)[C@](O[C@]2[C@](O)[C@@](N(C)C)C[C@@](C)O2)[C@@](C)[C@](O[C@@]2O[C@@](C)[C@](O)[C@@](OC)(C)C2)[C@@](C)C(=O)O[C@](CC)[C@](O)(C)[C@](O)[C@@](C)C(=O)[C@](C)C1,Z1515385076
O=C(N)C=1C(=O)[C@@]2(O)C(O)=C3C(=O)c4c(O)cccc4[C@](O)(C)[C@]3[C@](O)[C@]2[C@](N(C)C)C=1O,Z1515385075
O=C1C(N2C(=O)c3c(c(N)ccc3)C2)CCC(=O)N1,Z1515385074
O(C)c1c(OC)cc(Cc2c(N)nc(N)nc2)cc1OC,Z1515385071
O=C1N([C@]2[C@](O)[C@](O)[C@@](CO)O2)C=NC(N)=N1,Z1515383340
O=C(OC(OC(=O)c1c2n(Cc3ccc(-c4c(-c5[nH]nnn5)cccc4)cc3)c(OCC)nc2ccc1)C)OC1CCCCC1,Z1515383338
O(CCNCC(O)COc1c2c([nH]c3c2cccc3)ccc1)c1c(OC)cccc1,Z1515383337
O=C(OCC)[C@@](N[C@](C(=O)N1[C@](C(=O)O)C[C@]2[C@@]1CCC2)C)CCc1ccccc1,Z1515381509
O=C(O)[C@@](N[C@](C(=O)N1[C@](C(=O)O)CCC1)CCCCN)CCc1ccccc1,Z1515376765
O=C(O[C@]1[C@](C)[C@](O)[C@](C)[C@@](O)[C@@](C)C=C/C=C(/C)\C(=O)Nc2c(/C=N/N3CCN(C)CC3)c(O)c3c(c(O)c(C)c4O[C@@](C)(C(=O)c34)O/C=C\[C@](OC)[C@]1C)c2O)C,Z1515376764
O=[N+]([O-])c1sc(NC(=O)c2c(OC(=O)C)cccc2)nc1,Z1514087129
O=C(O)[C@](NC(=O)C1CCC(C(C)C)CC1)Cc1ccccc1,Z1514053266
O=C1N([C@]2[C@@](O)[C@](O)[C@@](CO)O2)C=CC(N)=N1,Z1511499171
S(=O)(=O)(OC[C@]12OC(C)(C)O[C@]1[C@@]1OC(C)(C)O[C@@]1CO2)N,Z1511495258
S(=O)(=O)(O)N1C(=O)[C@@](NC(=O)/C(=N/OC(C(=O)O)(C)C)/c2nc(N)sc2)[C@@]1C,Z1511483977
S(=O)(=O)(Nc1ncc(OC)cn1)c1ccc(N)cc1,Z1511483974
O=C1N([C@]2O[C@@](CO)SC2)C=CC(N)=N1,Z1509637175
O(CC(O)CO)c1c(OCC)cccc1,Z1509558249
O=C1N(O)C(C2CCCCC2)=CC(C)=C1,Z1509504366
O=C(OCCCCCC)CCC(=O)CN.Cl,Z1509470545
O=C1C(CC)(c2ccccc2)C(=O)NCN1,Z1509139960
O=C(O)[C@@](N)(Cc1cc(O)c(O)cc1)C,Z1508915075
O=C(O)[C@@](C)c1ccc(CC(C)C)cc1,Z1508914616
O=C(N[C@@](CC(C)C)c1c(N2CCCCC2)cccc1)Cc1cc(OCC)c(C(=O)O)cc1,Z1501485370
Clc1ccc(C(=O)c2ccc(OC(C(=O)OC(C)C)(C)C)cc2)cc1,Z1501485369
O(CCCCc1n(C2CCCCC2)nnn1)c1cc2c(NC(=O)CC2)cc1,Z1501485368
O=C(C)[C@]1(O)[C@]2(C)[C@]([C@]3[C@@]([C@]4(C)C([C@@](C)C3)=CC(=O)CC4)CC2)CC1,Z1501485367
O=C(O[C@@]1C(C)=C2C(C)(C)[C@](O)([C@@](OC(=O)c3ccccc3)[C@]3[C@](C)(C(=O)[C@@]2OC(=O)C)[C@@](O)C[C@@]2[C@@]3(OC(=O)C)CO2)C1)[C@](O)[C@@](NC(=O)c1ccccc1)c1ccccc1,Z1501485366
O=C1C(Cn2c(C)ncc2)CCc2n(C)c3c(c12)cccc3,Z1501485364
O=C1[C@](O)(CC)C2=C(C(=O)N3C(c4nc5c(c(CN(C)C)c(O)cc5)cc4C3)=C2)CO1,Z1501485359
P(=O)(O)(O)C(P(=O)(O)O)(O)Cc1cnccc1,Z1501485357
S(=O)(Cc1c(C)c(OCC(F)(F)F)ccn1)c1[nH]c2c(n1)cccc2,Z1501485356
O=C1N(C)CC(=O)N2[C@](c3cc4OCOc4cc3)c3[nH]c4c(c3C[C@]12)cccc4,Z1501485354
O=C(C)[C@@]1[C@]2(C)[C@]([C@]3[C@@]([C@]4(C)C(=CC(=O)CC4)CC3)CC2)CC1,Z1501485353
Clc1c(S(=O)(=O)N)cc(C(=O)NN2C(C)Cc3c2cccc3)cc1,Z1501485351
Fc1cc2onc(C3CCN(CCC=4C(=O)N5C(=NC=4C)CCCC5)CC3)c2cc1,Z1501480428
O=C1C=C2C(=C3[C@@](c4ccc(N(C)C)cc4)C[C@]4(C)[C@](O)(C#CC)CC[C@]4[C@@]3CC2)CC1,Z1501480424
O(C)c1cc2c(/C=N/NC(=N)NCCCCC)c[nH]c2cc1,Z1501480423
Clc1c(OCc2cc(F)ccc2)ccc(Nc2ncnc3c2cc(-c2oc(CNCCS(=O)(=O)C)cc2)cc3)c1,Z1501480422
FC=1C(NC(=O)OCCCCC)=NC(=O)N([C@]2[C@](O)[C@](O)[C@@](C)O2)C=1,Z1501480421
Clc1c(S(=O)(=O)N)cc2S(=O)(=O)NC=Nc2c1,Z1501480416
S(=O)(=O)(N1CCN(C)CC1)c1cc(c(OCC)cc1)C1=NC(=O)c2n(C)nc(CCC)c2N1,Z1501480413
O=C1C(C#N)=CC(c2ccncc2)=C(C)N1,Z1501480412
S(=O)(=O)(NC(=O)NC1CCC(C)CC1)c1ccc(CCNC(=O)N2C(=O)C(CC)=C(C)C2)cc1,Z1501475009
O=C(NC(C)(C)C)[C@@]1[C@]2(C)[C@]([C@]3[C@@]([C@@]4(C)C=CC(=O)N[C@@]4CC3)CC2)CC1,Z1501475008
S(=O)(Cc1c(C)c(OC)c(C)cn1)c1[nH]c2c(n1)cc(OC)cc2,Z1501475006
Clc1c(OCC(O)CNC(C)(C)C)cc(C)cc1,Z1497043450
O(C)c1c(OC)ccc2c1c[n+]1c(-c3c(cc4OCOc4c3)CC1)c2.[Cl-],Z1494829513
O=C1Oc2c(cc(O[C@]3[C@](O)[C@@](O)[C@](O)[C@@](CO)O3)c(O)c2)C=C1,Z1494829512
OC1C(O)C(O)C(O)C(O)C1O,Z1486007281
OC[C@@](NCCN[C@](CO)CC)CC.Cl.Cl,Z1486001934
[N+](C)(C)=C1C=CC(=C(c2ccc(N(C)C)cc2)c2ccc(N(C)C)cc2)C=C1.[Cl-],Z1465002628
O=C(Nc1c(C)cccc1C)C(N)C.Cl,Z1449775098
Clc1cc(Cl)cc(-c2oc3c(n2)ccc(C(=O)O)c3)c1,Z1443584665
O=C(NC1C=2C(c3c(OC)c(OC)c(OC)cc3CC1)=CC=C(OC)C(=O)C=2)C,Z1431321925
O=C(OCC)c1cnc(C#Cc2cc3C(C)(C)CCSc3cc2)cc1,Z1424590960
OC(CNC(C)C)c1cc(O)c(O)cc1.Cl,Z1416254508
O=C(O)CC[C@@](C)[C@@]1[C@@]2(C)[C@@](O)C[C@@]3[C@]4(C)[C@@](C[C@](O)CC4)CC[C@]3[C@@]2CC1,Z1416203075
Fc1ccc(C(=O)CCCN2CCC(C)CC2)cc1,Z138288808
O=C(O)[C@@](N(C(=O)CCCC)Cc1ccc(-c2c(-c3[nH]nnn3)cccc2)cc1)C(C)C,Z1379303659
S(=O)(=O)(OCCCCCCCCCCCC)[O-].[Na+],Z1365432828
OC[C@@]1[C@@](O)[C@@](O)[C@](n2c3ncnc(N)c3nc2)O1,Z1341543331
O=C(O)C.Oc1cc(N(CC2=NCCN2)c2ccc(C)cc2)ccc1,Z1318255133
O(C)c1c(O)c(OC)cc([C@@]2c3c([C@@](O[C@]4[C@](O)[C@@](O)[C@@]5O[C@](C)OC[C@]5O4)[C@@]4[C@@]2C(=O)OC4)cc2OCOc2c3)c1,Z1304065033
O=C(C=C)N1C[C@](n2nc(-c3ccc(Oc4ccccc4)cc3)c3c(N)ncnc23)CCC1,Z1302446275
OC(C)(C)[C@]1C[C@](O)C(C)=CC1,Z1278926502
O=C1C(N2C(=O)c3c(N)cccc3C2=O)CCC(=O)N1,Z1269642575
ClCC(O)Cn1c(C)ncc1[N+](=O)[O-],Z1269240018
O=C(O)CCCC[C@]1SSCC1,Z1269228108
P(=O)(O)(O)C(P(=O)(O)O)(O)C,Z1269201561
P(=O)(O)(O)C(P(=O)(O)O)(O)CCN,Z1269196032
O=C(Oc1c[n+](C)ccc1)N(C)C.[Br-],Z1269171738
OCCN1[C@](CO)[C@@](O)[C@](O)[C@@](O)C1,Z1269163651
S(P(=O)(O)O)CCNCCCN,Z1269145833
S(SC[C@](N)C(=O)O)C[C@](N)C(=O)O,Z1269145231
ClCCN(N=O)C(=O)NCCCl,Z1269141329
SC[C@](C(=O)N1[C@](C(=O)O)CCC1)C,Z1269124804
Clc1cc2S(=O)(=O)NC(C)=Nc2cc1,Z1269122570
[Hg](Sc1c(C(=O)[O-])cccc1)CC.[Na+],Z1269110165
NCCc1nc[nH]c1.Cl.Cl,Z1267773750
O=C1OC2(CN1)CCN(CCc1ccccc1)CC2,Z1266873958
O=C(O)C(CCCOc1c(C)ccc(C)c1)(C)C,Z1259021151
S(=O)(=O)(N)c1ccc(-n2c(-c3ccc(C)cc3)cc(C(F)(F)F)n2)cc1,Z1258938406
O=C(OC)N[C@](C(=O)NN(C[C@](O)[C@@](NC(=O)[C@@](NC(=O)OC)C(C)(C)C)Cc1ccccc1)Cc1ccc(-c2ncccc2)cc1)C(C)(C)C,Z1258932192
FC(F)(F)COc1c(C(=O)NCC2NCCCC2)cc(OCC(F)(F)F)cc1.Cl,Z1255523427
Cc1cnc(-c2ncc(C)cc2)cc1,Z1255488813
O=C1C(O)=C([O-])[C@@]([C@@](O)CO)O1.[Na+],Z1255486556
O[C@@]([C@](O)[C@@](O)CNC)[C@](O)CO,Z1255485274
Clc1cc2nccc(O)c2cc1,Z1255464975
O[C@@](CNC)c1cc(O)c(O)cc1,Z1255449978
O=C[C@](O)[C@@](O)[C@](O)CO,Z1255438834
O[C@]1[C@](C(C)C)CC[C@@](C)C1,Z1255438640
O=C(N)[C@](CC)N1C(=O)CCC1,Z1255435426
O=C(O)[C@@](N)(Cc1ccc(O)cc1)C,Z1255434943
O=C1[C@@]2(C)C(C)(C)[C@@](C1)CC2,Z1255434759
O=C(O)CCC(N)C=C,Z1255431434
S[C@](C(=O)O)[C@@](S)C(=O)O,Z1255431202
O=C1C(C)=CC(=O)c2c1cccc2,Z1255430959
O(CC(O)CO)c1c(OC)cccc1,Z1255415511
C(c1ccccc1)C1=NCCN1.Cl,Z1255415487
O=C(OCC[N+](C)(C)C)N.[Cl-],Z1255415481
O=C1C(O)=C(C)N(C)C=C1,Z1255390865
O=C(O)CC(O)CN,Z1255390571
N(c1nc(N)nc(N)n1)C1CC1,Z1255383207
Fc1nc(C(=O)N)c(O)nc1,Z1255381648
O=C(N)CN1C(=O)C[C@@](O)C1,Z1255379534
ClC(F)C(F)(F)OC(F)F,Z1255360592
P(F)(=O)(O)O,Z1255360409
O=C(O[C@]1[C@](OC)[C@@](C(=O)OC)[C@@]2[C@](C1)CN1[C@@](c3[nH]c4c(c3CC1)ccc(OC)c4)C2)c1cc(OC)c(OC)c(OC)c1,Z1251172867
FC(F)(F)c1cc(Nc2c(C(=O)OCCOCCO)cccc2)ccc1,Z1248763315
N1CCNCC1,Z1245537944
O(CC)c1c(OCC2OCCNC2)cccc1,Z1235945951
S(CC(=O)O)C[C@](N)C(=O)O,Z1222399234
O[C@]1[C@]2OC[C@](O)[C@]2OC1,Z1216815730
O=C(NO)N,Z1203577934
O=C(O)CN(C(=N)N)C,Z1203577925
O=C1N2C(=CC=C1)[C@]1CNC[C@@](C2)C1,Z1203159860
ClC=1C(O)=CC(=O)NC=1,Z1201624655
FC1=C(N)NC(=O)N=C1,Z1201621875
O=C(N)c1ncn2C(=O)N(C)N=Nc12,Z1201620684
O=C[C@](O)[C@@](O)[C@](O)[C@](O)CO,Z1201619321
S=P(N1CC1)(N1CC1)N1CC1,Z1201619320
ClC(OC(F)F)C(F)(F)F,Z1201618663
O=C1N(C)C(=O)OC1(C)C,Z1201618106
ClC(Cl)C(F)(F)OC,Z1201617823
BrC(Cl)C(F)(F)F,Z1201617125
O[C@@](CNC)c1cc(O)ccc1,Z1198723489
Fc1cc2c(B(O)OC2)cc1,Z1198279578
P(=O)(OCCN(C(=N)N)C)(O)O,Z1198155511
O=C(N)C(C(CC)C)CC,Z1198155509
Clc1c(O)c(Cl)c(C)nc1C,Z1198155477
O=C(O)c1ncc(C)[n+]([O-])c1,Z1198155438
O=C1N(C)C(=O)OC1(CC)C,Z1198155421
O=[N+]([O-])c1n(CC(O)C)c(C)nc1,Z1198155412
O=C1[C@](N)CON1,Z1198154206
N=C(NCCN1CCCCCCC1)N,Z1198152903
O=C1C(N)=CC(c2ccncc2)=CN1,Z1198150288
CN1[C@](c2cnccc2)CCC1,Z1198150037
O[C@@]([C@](O)[C@](O)CO)[C@](O)CO,Z1198149813
O=C1N(CCC)c2nc[nH]c2C(=O)N1,Z1198148417
Oc1c(CCCCCC)ccc(O)c1,Z1197943321
O=C(NCCc1c2c([nH]c1)ccc(OC)c2)C,Z1191880499
N=C(N)N1Cc2c(cccc2)CC1.I,Z118438370
Clc1ccc(C(N2CCN(Cc3cc(C)ccc3)CC2)c2ccccc2)cc1.Cl.Cl,Z1182332248
O=C(CCC)N1CCN(c2nc(N)c3c(n2)cc(OC)c(OC)c3)CCC1,Z1172912933
O=C(N1CCN(c2nc(N)c3c(n2)cc(OC)c(OC)c3)CC1)C1OCCC1,Z1172269406
O=C(O)CC[C@@](C)[C@@]1[C@]2(C)[C@]([C@@]3[C@](O)C[C@]4[C@@](C)([C@]3CC2)CC[C@@](O)C4)CC1,Z1172235745
ClN=S(=O)([O-])c1ccc(C)cc1.[Na+],Z1172235461
FC(F)(F)c1cc([N+](=O)[O-])c(C(=O)C2C(=O)CCCC2=O)cc1,Z1172207721
S(CCN/C(=N/C#N)/NC)Cc1c(C)[nH]cn1,Z1162463430
O=C([O-])c1c(C=2c3c(OC=4C=2C=CC(=O)C=4)cc([O-])cc3)cccc1.[Na+].[Na+],Z1160865418
O=C(O)[C@]1NC(=O)CC1,Z1154378309
N(C(CN1c2c(Sc3c1cccc3)cccc2)C)(C)C.Cl,Z1151174635
O=C(O)[C@](O)[C@@](O)C(=O)O,Z1147451717
SC[C@](NC(=O)C)C(=O)O,Z1143441555
O=S1(=O)N(C)/C(=C(\O)/Nc2ncccc2)/C(=O)c2c1cccc2,Z1137167677
OCCN(CCO)c1nc(N2CCCCC2)c2nc(N(CCO)CCO)nc(N3CCCCC3)c2n1,Z1137167676
Clc1c(Cn2nc(C(=O)O)c3c2cccc3)ccc(Cl)c1,Z1137008901
Clc1ccc(Cn2c(C)nc3c2cccc3)cc1.Cl,Z111872342
Clc1c(O)c2ncccc2c(Cl)c1,Z111781330
Clc1c(CO)ccc(Cl)c1,Z111479786
N(=C(/NCc1ccccc1)\NC)\C.I,Z1089994842
O=C1OCC1,Z1089877620
O=C(O)[C@](N)CO,Z1070067572
O(CC1OC(=O)NC1)c1cc(C)cc(C)c1,Z106952910
OC(CO)C,Z106938868
O=C(O)[C@@](N)CC(=O)N,Z1066276474
OCC(N)(CO)CO,Z104509094
O=C(N)N1c2c(cccc2)C=Cc2c1cccc2,Z104508594
FC=1C(=O)NC(=O)N(C2OCCC2)C=1,Z104508106
O=C1N(C)C(=O)c2n(C)cnc2N1C,Z104507896
O=C(c1c(O)cc(OC)cc1)c1ccccc1,Z104500700
O=C(/C=C/c1cc(OC)c(O)cc1)CC(=O)/C=C/c1cc(OC)c(O)cc1,Z104500108
O=C(CC)c1ccc(O)cc1,Z104499156
Sc1sc2c(n1)cccc2,Z104499140
Nc1ncnc2[nH]cnc12,Z104498572
Oc1c(C)ccc(C(C)C)c1,Z104496566
S=C([S-])N(CC)CC.[Na+].O.O.O,Z104495648
OCc1cnccc1,Z104495622
Nc1ccncc1,Z104495272
O=C(O)C(=O)C,Z104495240
O=C(O)CCCCCCC,Z104495238
Clc1ccc(C2S(=O)(=O)CCC(=O)N2C)cc1,Z104493622
O=C1N(C)C(=O)c2n(CCO)cnc2N1C,Z104493598
S(=O)(=O)(Nc1ncccc1)c1ccc(N)cc1,Z104492884
O(OC(=O)c1ccccc1)C(=O)c1ccccc1,Z104489074
O=C(NC1C(=O)NC(=O)N1)N,Z104486690
Clc1c(C)cc(O)c(C(C)C)c1,Z104485030
O=C(O)CNC(=O)c1ccc(N)cc1,Z104484866
Ic1c(O)c2ncccc2c(Cl)c1,Z104483432
c1(-c2ncsc2)[nH]c2c(n1)cccc2,Z104480436
O=C(O)CCCCCCCCC=C,Z104479700
O=C(O)C=1C(=O)c2c(N(CC)C=1)nc(C)cc2,Z104478940
SC(C(=O)O)CC(=O)O,Z104478826
O(Cc1ccccc1)c1ccc(O)cc1,Z104478412
Clc1c(C)cc(O)cc1,Z104477910
O=C(O)Cn1c2C(=O)N(C)C(=O)N(C)c2nc1,Z104477882
O=C(NCCN(CC)CC)c1ccc(N)cc1.Cl,Z104477706
Clc1cc2N(CCCN(C)C)c3c(Sc2cc1)cccc3.Cl,Z104477466
O=C(O)Cc1ccc(-c2ccccc2)cc1,Z104476858
O=C(OCCN(CC)CC)c1ccc(N)cc1.Cl,Z104476766
O=C(O)C(N)CCCN.Cl,Z104476736
OCc1ccccc1,Z104476418
O=C(O)CCCN,Z104475620
S(=O)(=O)(O)O.O=C(OC1CC2N(C)C(C1)CC2)C(CO)c1ccccc1.O=C(OC1CC2N(C)C(C1)CC2)C(CO)c1ccccc1,Z104475612
Clc1c(O)c2nc(C)ccc2c(Cl)c1,Z104475058
O(C)c1ccc(O)cc1,Z104474598
Oc1cc(O)cc(O)c1,Z104474594
Oc1cc(O)ccc1,Z104474576
SCCN.Cl,Z104474494
O=C(Oc1c(C(=O)O)cccc1)C,Z104474430
O=C(O)C(O)C,Z104474158
Oc1c(O)ccc(CCN)c1.Cl,Z104474032
O(C)c1c(O)cccc1,Z104474028
O=C(O)C(O)c1ccccc1,Z104473974
S(SC(=S)N(CC)CC)C(=S)N(CC)CC,Z104473910
O=C(N)N,Z104473900
Oc1ccccc1,Z104473830
Oc1cc(C)ccc1,Z104473820
Oc1ccc(C)cc1,Z104473818
OCCCCCCCCCCCCCCCC,Z104473594
O(CCO)c1ccccc1,Z104473570
ClC(Cl)(Cl)C(O)(C)C,Z104473554
Clc1ccc(O)cc1,Z104473434
ClC(Cl)(Cl)C(=O)O,Z104473288
O=C(OC(COC(=O)C)COC(=O)C)C,Z104473192
S(=O)(=O)(Nc1ncccn1)c1ccc(N)cc1,Z104472626
Nc1ccc(N)cc1,Z104472524
S(=O)(=O)(c1ccc(N)cc1)c1ccc(N)cc1,Z104472374
Sc1[n+]([O-])cccc1,Z104343004
N(CC#C)(Cc1ccccc1)C,Z103710848
FC(F)(F)c1cc(C(O)(CC)c2ccccc2)ccc1,Z1020762628
