compound_id,smiles,all_preds,all_probs
Z2315585265,Clc1ccc([C@](CCN(C)C)c2ncccc2)cc1.O=C(O)/C=C/C(=O)O,1,0.9977574
Z1551967075,Ic1c(Oc2cc(I)c(O)c(I)c2)c(I)cc(C[C@](N)C(=O)[O-])c1.[Na+],1,0.9977234
Z2568665949,O=C(O)Cc1cc2/C(=C\CCN(C)C)/c3c(cccc3)COc2cc1.Cl,1,0.9972005
Z1557407006,N(CC/C=C/1\c2c(OCc3c\1cccc3)cccc2)(C)C.Cl,1,0.99677074
Z2756516923,O=C(O[C@@]1[C@@](OC)C(C)(C)O[C@@](Oc2c(C)c3OC(=O)C(NC(=O)c4cc(C/C=C(\C)/C)c([O-])cc4)=C(O)c3cc2)[C@@]1O)N.[Na+],1,0.99596405
Z2240938942,O=C(OCC)[C@@](N[C@](C(=O)N1[C@](C(=O)O)Cc2c(cccc2)C1)C)CCc1ccccc1.Cl,1,0.995839
Z2791720087,O=C(N)C=1C(=O)[C@@]2(O)C(O)=C3C(=O)c4c(O)cccc4[C@](C)[C@]3[C@](O)[C@]2[C@](N(C)C)C=1O.O=C(N)C=1C(=O)[C@@]2(O)C(O)=C3C(=O)c4c(O)cccc4[C@](C)[C@]3[C@](O)[C@]2[C@](N(C)C)C=1O.OCC.Cl.Cl.O,1,0.99510574
Z57152562,O=[N+]([O-])c1oc(/C=N/N2C(=O)OCC2)cc1,1,0.99506396
Z1554104509,Ic1c(OCCN(CC)CC)c(I)cc(C(=O)c2c(CCCC)oc3c2cccc3)c1.Cl,1,0.9946918
Z3219503092,Clc1c([C@@]2(Cn3cncc3)O[C@](COc3ccc(N4CCN(C(=O)C)CC4)cc3)CO2)ccc(Cl)c1,1,0.9945274
Z57152561,O=[N+]([O-])c1oc(/C=N/N2C(=O)NC(=O)C2)cc1,1,0.99424404
Z2065671241,ClC(Cl)C(=O)N[C@@]([C@](O)c1ccc([N+](=O)[O-])cc1)CO,1,0.99380857
Z1650127771,FC(F)(F)Oc1ccc(CO[C@@]2COc3n(cc([N+](=O)[O-])n3)C2)cc1,1,0.99373996
Z2312380776,Clc1cc2c(Oc3c(cccc3)[C@@]3[C@@]2CN(C)C3)cc1.O=C(O)/C=C/C(=O)O,1,0.9936107
Z1515376764,O=C(O[C@]1[C@](C)[C@](O)[C@](C)[C@@](O)[C@@](C)C=C/C=C(/C)\C(=O)Nc2c(/C=N/N3CCN(C)CC3)c(O)c3c(c(O)c(C)c4O[C@@](C)(C(=O)c34)O/C=C\[C@](OC)[C@]1C)c2O)C,1,0.99336654
Z2235802070,Clc1c(OC)ccc(CNc2c(C(=O)NCc3ncccn3)cnc(N3[C@](CO)CCC3)n2)c1,1,0.9930126
Z3223135042,Clc1c2Oc3c(O[C@]4[C@](O[C@@]5O[C@@](C)[C@@](O)[C@](N)(C)C5)[C@@](O)[C@](O)C(CO)O4)c4Oc5c(Cl)cc([C@@](O)[C@]6C(=O)N[C@](C(=O)O)c7c(c(O)cc(O)c7)-c7c(O)ccc(c7)[C@](C(=O)N6)NC(=O)[C@](NC(=O)[C@](CC(=O)N)NC(=O)[C@](NC(=O)[C@](NC)CC(C)C)[C@](O)c(c1)cc2)c(c3)c4)cc5.Cl,1,0.9930073
Z1521553720,Fc1c([C@](O)([C@@](C)c2c(F)cncn2)Cn2ncnc2)ccc(F)c1,1,0.9928925
Z1557399790,O=C(CO)[C@@]1(O)C[C@](O[C@@]2O[C@@](C)[C@@](O)[C@@](N)C2)c2c(O)c3C(=O)c4c(OC)cccc4C(=O)c3c(O)c2C1.Cl,1,0.9924264
Z2235802230,Clc1ccc([C@](OC2CCN(CCCC(=O)O)CC2)c2ncccc2)cc1.S(=O)(=O)(O)c1ccccc1,1,0.99235004
Z1541759896,Clc1c([C@@](C(=O)OC)N2Cc3c(scc3)CC2)cccc1.S(=O)(=O)(O)O,1,0.99232364
Z1575278780,N(CC/C=C/1\c2c(cccc2)C=Cc2c\1cccc2)(C)C.Cl,1,0.9921393
Z227834786,N(CC/C=C/1\c2c(cccc2)CCc2c\1cccc2)C.Cl,1,0.99190384
Z1511483977,S(=O)(=O)(O)N1C(=O)[C@@](NC(=O)/C(=N/OC(C(=O)O)(C)C)/c2nc(N)sc2)[C@@]1C,1,0.9912804
Z2235801945,O=C(O)[C@](O)[C@@](O)C(=O)O.Oc1c([C@](CCN(C(C)C)C(C)C)c2ccccc2)cc(C)cc1,1,0.9912025
Z2196311163,O=C(O)[C@]1CN(CC/C=C(\c2c(C)ccs2)/c2c(C)ccs2)CCC1.Cl,1,0.99119955
Z1713449471,S(=O)(=O)(Nc1sc(C)nn1)c1ccc(N)cc1,1,0.99080116
Z1521553983,S(CCN/C(/NC)=C/[N+](=O)[O-])Cc1nc(CN(C)C)sc1,1,0.9907878
Z2568726960,O=C(N)C(CNC(=O)[C@](C(C)C)C[C@](O)[C@@](N)C[C@@](C(C)C)Cc1cc(OCCCOC)c(OC)cc1)(C)C.O=C(N)C(CNC(=O)[C@](C(C)C)C[C@](O)[C@@](N)C[C@@](C(C)C)Cc1cc(OCCCOC)c(OC)cc1)(C)C.O=C(O)/C=C/C(=O)O,1,0.9903718
Z1551967090,O=C(O[C@]1C(=O)N(CCN(C)C)c2c(S[C@]1c1ccc(OC)cc1)cccc2)C.Cl,1,0.99020267
Z2312950560,C(=C\CN1CCCC1)(\c1ncccc1)/c1ccc(C)cc1.Cl,1,0.9901625
Z2235801980,Clc1sc2C(O)=C(C(=O)Nc3ncccc3)N(C)S(=O)(=O)c2c1,1,0.9900429
Z2235802088,S(CCC)c1nc(N[C@]2[C@](c3cc(F)c(F)cc3)C2)c2nnn([C@]3[C@](O)[C@](O)[C@@](OCCO)C3)c2n1,1,0.98932225
Z2568748600,O=C(O)c1cc(C=2C(=O)/C(=N\NC=3C(=O)N(c4cc(C)c(C)cc4)NC=3C)/C=CC=2)ccc1,1,0.98860824
Z277559108,S(=O)(=O)(N)c1sc(NC(=O)C)nn1,1,0.98775023
Z3235136057,Fc1ccc([C@]2(CCCN(C)C)OCc3c2ccc(C#N)c3)cc1.O=C(O)C(=O)O,1,0.9876987
Z2471178869,Clc1c(N)cc(OC)c(C(=O)N[C@@]2[C@](OC)CN(CCCOc3ccc(F)cc3)CC2)c1,1,0.98716486
Z594284186,S(CCC)c1cc2[nH]c(NC(=O)OC)nc2cc1,1,0.98694324
Z2241984977,O=C(Nc1sc(C)cn1)C1N(C)S(=O)(=O)c2c(C1=O)cccc2,1,0.9863701
Z1198279578,Fc1cc2c(B(O)OC2)cc1,1,0.9860598
Z3281948767,S(=O)(=O)(Nc1sccn1)c1ccc(NC(=O)c2c(C(=O)[O-])cccc2)cc1.[Na+],1,0.9858359
Z1741977003,FC(F)(F)c1cc(CCCN[C@](C)c2c3c(ccc2)cccc3)ccc1.Cl,1,0.9857259
Z1557400300,O(C)c1c2O[C@@]3[C@]4(c2c(cc1)CN(C)CC4)C=C[C@](O)C3.Br,1,0.98505974
Z1551900487,Clc1nc(N)c2ncn([C@]3[C@@](F)[C@](O)[C@@](CO)O3)c2n1,1,0.98465353
Z2177953192,Clc1cc2[C@](C(F)(F)F)(C#CC3CC3)OC(=O)Nc2cc1,1,0.984018
Z995241886,S(=O)(=O)(N)c1sc2c(n1)ccc(OCC)c2,1,0.9824985
Z2044783305,O=C(O)[C@](O)[C@@](O)C(=O)O.n1c2c(ncc1)cc1c(c2)[C@]2CNC[C@@]1C2,1,0.98232526
Z2588038907,O=C(Nc1ncccc1)C=1N(C)S(=O)(=O)c2c(C=1O)scc2,1,0.9818164
Z1565440332,FC(F)(F)c1cc2N(CCCN3CCN(C)CC3)c3c(Sc2cc1)cccc3.Cl.Cl,1,0.98149866
Z89264780,C(CCCCCCCC)CCCCCCC[n+]1ccccc1.[Cl-],1,0.9810801
Z754918912,O=C(O)C(C)(C)c1ccc(C(O)CCCN2CCC(C(O)(c3ccccc3)c3ccccc3)CC2)cc1.Cl,1,0.9808584
Z2568666661,Fc1ccc(-c2c(/C=C/[C@@](O)C[C@@](O)CC(=O)[O-])n(C(C)C)c3c2cccc3)cc1.[Na+],1,0.9799675
Z3014322079,S(=O)(=O)(O)O.O=C(O[C@]1[C@](O)(C(=O)OC)[C@@]2N(C)c3c(cc(c(OC)c3)[C@]3(C(=O)OC)c4[nH]c5c(c4CCN4C[C@](O)(CC)C[C@@](C3)C4)cccc5)[C@@]32[C@@]2[C@@]1(CC)C=CCN2CC3)C,1,0.97955894
Z2756516872,S(=O)(=O)(N)c1sc2S(=O)(=O)[C@@](C)C[C@](NCC)c2c1.Cl,1,0.97910804
Z2196311755,O=C([O-])c1c(O)c(Cc2c(O)c(C(=O)[O-])cc3c2cccc3)c2c(c1)cccc2.N(C)(C)c1cc2c([n+](C)c(/C=C/c3c(C)n(c(C)c3)-c3ccccc3)cc2)cc1.N(C)(C)c1cc2c([n+](C)c(/C=C/c3c(C)n(c(C)c3)-c3ccccc3)cc2)cc1,1,0.9786522
Z2315585555,O=C(OC)/C=C/C(=O)O,1,0.97801936
Z57664869,Clc1c(Nc2c(CC(=O)O)cccc2)c(Cl)ccc1,1,0.97738737
Z2213886907,O=C(N[C@@](CC(C)C)B(O)O)[C@@](NC(=O)c1nccnc1)Cc1ccccc1,1,0.9768165
Z1546616207,S(=O)(=O)(O)O.O=C(N[C@@]1[C@](O)Cc2c1cccc2)[C@@](C[C@](O)CN1[C@](C(=O)NC(C)(C)C)CN(Cc2cnccc2)CC1)Cc1ccccc1,1,0.9763633
Z2636644167,[P@@](=O)(Oc1ccccc1)(N[C@](C(=O)OC(C)C)C)CO[C@@](Cn1c2ncnc(N)c2nc1)C.O=C(O)/C=C/C(=O)O,1,0.97633046
Z754926486,O=C(O[C@]1[C@](C)[C@](O)[C@](C)[C@@](O)[C@@](C)C=C/C=C(/C)\C(=O)NC=2C(=O)c3c(O)c(C)c4O[C@@](C)(C(=O)c4c3C3=NC4(NC=23)CCN(CC(C)C)CC4)O/C=C\[C@](OC)[C@]1C)C,1,0.97553533
Z2037279542,Clc1ccc(C2=C(CN3CCN(c4cc(Oc5cnc6[nH]ccc6c5)c(C(=O)NS(=O)(=O)c5cc([N+](=O)[O-])c(NCC6CCOCC6)cc5)cc4)CC3)CCC(C)(C)C2)cc1,1,0.9746514
Z1631505638,FC(F)(F)c1cc2N(CCCN(C)C)c3c(Sc2cc1)cccc3.Cl,1,0.9744726
Z2235802810,O=C(OC)/C=C/C(=O)OC,1,0.97396404
Z2242135673,S(=O)(=O)(NC(=O)COCCCCN(C(C)C)c1nc(c(-c2ccccc2)nc1)-c1ccccc1)C,1,0.97370183
Z1521553705,S(=O)(=O)(NC(=N)CCSCc1nc(/N=C(\N)/N)sc1)N,1,0.97353745
Z2216885372,S(c1c(C(=O)NC)cccc1)c1cc2[nH]nc(/C=C/c3ncccc3)c2cc1,1,0.97338665
Z2568727518,Clc1c(F)ccc(Nc2ncnc3c2cc(NC(=O)/C=C/CN(C)C)c(O[C@@]2COCC2)c3)c1,1,0.97315663
Z1546616192,O=C(N)C(c1ccccc1)(c1ccccc1)[C@]1CN(CCc2cc3c(OCC3)cc2)CC1.Br,1,0.9730429
Z3025678941,O=C(N[C@@]1C(=O)N2[C@@](C(=O)[O-])C(C)(C)S[C@]12)c1c(OCC)ccc2c1cccc2.[Na+],1,0.97284377
Z2050038784,O=C(O)[C@](O)[C@@](O)C(=O)O.O[C@@]([C@@](N)C)c1cc(O)ccc1,1,0.97237045
Z2235811384,O(C)c1cc2c([C@@](O)[C@]3N4C[C@](C=C)[C@](C3)CC4)ccnc2cc1,1,0.9711247
Z1530532762,S(=O)(=O)(Nc1c(Oc2c(OC)cccc2)c(OCCO)nc(-c2ncccn2)n1)c1ccc(C(C)(C)C)cc1,1,0.97111994
Z1820079046,S(=O)(=O)(O)C.N(CC#C)[C@]1c2c(cccc2)CC1,1,0.9708388
Z2512943095,Brc1cc(F)c(Nc2ncnc3c2cc(OC)c(OCC2CCN(C)CC2)c3)cc1,1,0.9707802
Z1741976976,O(C)c1cc2c([C@](O)[C@@]3N4C[C@](C=C)[C@](C3)CC4)ccnc2cc1,1,0.970169
Z3400110582,S(=O)(=O)(OC)[O-].N(C)(C)c1cc2c([n+](C)c(/C=C/c3c(C)n(c(C)c3)-c3ccccc3)cc2)cc1,1,0.96991974
Z1532363097,FC(F)(F)c1nc2c(C(F)(F)F)cccc2c([C@@](O)[C@]2NCCCC2)c1.Cl,1,0.9693067
Z203045352,S(=O)(=O)(O)c1cc2[nH]c(-c3ccccc3)nc2cc1,1,0.968934
Z1614451557,FC1(F)CCC(C(=O)N[C@@](CCN2[C@]3CC(n4c(C(C)C)nnc4C)C[C@@]2CC3)c2ccccc2)CC1,1,0.9687026
Z2235801846,O=C(OCC)[C@@](N[C@@]1C(=O)N(CC(=O)O)c2c(cccc2)CC1)CCc1ccccc1.Cl,1,0.9686839
Z2568664267,O=C(N[C@@]1C(=O)N2C(C(=O)O)=C(C=C)CS[C@]12)/C(=N/OCC(=O)O)/c1nc(N)sc1,1,0.96829134
Z756440078,Fc1nc(N)c2ncn([C@]3[C@@](O)[C@](O)[C@@](CO)O3)c2n1,1,0.9682076
Z1541759501,Fc1ccc([C@@](O)CC[C@]2C(=O)N(c3ccc(F)cc3)[C@@]2c2ccc(O)cc2)cc1,1,0.96517265
Z2583154272,S(CC1=C(C(=O)O)N2C(=O)[C@@](NC(=O)/C(=N/OC)/c3nc(N)sc3)[C@]2SC1)c1n(C)nnn1,1,0.9644864
Z1089994842,N(=C(/NCc1ccccc1)\NC)\C.I,1,0.9644515
Z1379303659,O=C(O)[C@@](N(C(=O)CCCC)Cc1ccc(-c2c(-c3[nH]nnn3)cccc2)cc1)C(C)C,1,0.9633063
Z3313642143,O=C(OCC)[C@](C[C@@](NC(=O)CCC(=O)[O-])Cc1ccc(-c2ccccc2)cc1)C.O=C(OCC)[C@](C[C@@](NC(=O)CCC(=O)[O-])Cc1ccc(-c2ccccc2)cc1)C.[Ca+2],1,0.9628755
Z1590789254,Clc1ccc(C2(O)CCN(CCCC(=O)c3ccc(F)cc3)CC2)cc1,1,0.9622868
Z1544404029,O=C(N[C@@]1C(=O)N2C(C(=O)[O-])=C(COC(=O)C)CS[C@]12)/C(=N/OC)/c1nc(N)sc1.[Na+],1,0.95986736
Z57902203,Clc1c(NC(=O)c2c(O)ccc(Cl)c2)ccc([N+](=O)[O-])c1,1,0.9592508
Z2417556873,[N+](CCCCCCCCCCCCCCCC)(C)(C)C.[Br-],1,0.95859444
Z2235802006,S(=O)(=O)(O)C.O(C(c1ccccc1)c1ccccc1)C1C[C@@]2N(C)[C@](C1)CC2,1,0.95761067
Z1544404944,Clc1c([C@]2(Cn3ncnc3)O[C@@](COc3ccc(N4CCN(c5ccc(N6C(=O)N(C(CC)C)N=C6)cc5)CC4)cc3)CO2)ccc(Cl)c1,1,0.95596236
Z56755651,FC(F)(F)c1c([N+](=O)[O-])ccc(NC(=O)C(C)C)c1,1,0.9558019
Z49562666,Clc1c(/C=N/NC(=N)N)c(Cl)ccc1.Cl,1,0.954922
Z1558572526,Clc1ccc(N/C(=N/C(=N/C(C)C)/N)/N)cc1.Cl,1,0.95476943
Z1546610476,Fc1ccc(-c2n(CC[C@@](O)C[C@@](O)CC(=O)O)c(C(C)C)c(C(=O)Nc3ccccc3)c2-c2ccccc2)cc1.Fc1ccc(-c2n(CC[C@@](O)C[C@@](O)CC(=O)O)c(C(C)C)c(C(=O)Nc3ccccc3)c2-c2ccccc2)cc1.[Ca].O.O.O,1,0.9545716
Z2696918787,Clc1c(CC(=O)/N=C(\N)/N)c(Cl)ccc1.Cl,1,0.95441616
Z2417556930,Ic1c(N(C(=O)C)C)c(I)c(C(=O)O)c(I)c1NC(=O)C,1,0.9529539
Z2235802254,P(=O)(OC[C@@]1[C@@](O)[C@](O)[C@](n2c3nc(F)nc(N)c3nc2)O1)(O)O,1,0.952287
Z55682028,Clc1c(OCC(O)CNC(C)(C)C)cc(Cl)cc1,1,0.9510373
Z440843598,Brc1ccc(NC2C3CC4CC2CC(C3)C4)cc1,1,0.95041263
Z1552161470,O=C1[C@@]2Oc3c(O)ccc4c3[C@@]32[C@](O)([C@](N(CC2CC2)CC3)C4)CC1.Cl,1,0.9497014
Z2681890595,Ic1c(NC(=O)COC)c(I)c(C(=O)NCC(O)CO)c(I)c1C(=O)N(CC(O)CO)C,1,0.9494774
Z2216887941,P(=O)(OC[C@@]1[C@@](O)[C@@](O)[C@](n2c3ncnc(N)c3nc2)O1)(O)O,1,0.9480294
Z1551429722,NC12CC3(C)CC(C)(C1)CC(C2)C3.Cl,1,0.9478169
Z31251611,Clc1cc2nc3c(c(NC(CCCN(CC)CC)C)c2cc1)cc(OC)cc3,1,0.94479656
Z1521553599,O=C(OCc1scnc1)N[C@]([C@@](O)C[C@@](NC(=O)[C@@](NC(=O)N(Cc1nc(C(C)C)sc1)C)C(C)C)Cc1ccccc1)Cc1ccccc1,1,0.94406396
Z1592690502,S(C)c1cc2N(CCC3N(C)CCCC3)c3c(Sc2cc1)cccc3.Cl,1,0.9411272
Z2285376546,Clc1c2c(c3c(c(C(O)CCN(CCCC)CCCC)c2)ccc(C(F)(F)F)c3)cc(Cl)c1.Cl,1,0.94026047
Z2471178866,S(=O)(=O)(O)O.OC[C@@]1C=C[C@](n2c3nc(N)nc(NC4CC4)c3nc2)C1.OC[C@@]1C=C[C@](n2c3nc(N)nc(NC4CC4)c3nc2)C1,1,0.94007796
Z2235802217,Clc1c2[C@@](O)[C@@]3C(C(=O)c2c(O)cc1)=C(O)[C@]1(O)C(=O)C(C(=O)N)=C(O)[C@@](N(C)C)[C@@]1C3.Cl,1,0.93929994
Z2108699066,O=C1OCC([C@@]2[C@]3(C)[C@@](O)([C@]4[C@@]([C@]5(C)[C@@](C[C@@](O[C@@]6O[C@](C)[C@@](O[C@@]7O[C@](C)[C@@](O[C@@]8O[C@](C)[C@@](O)[C@@](O)C8)[C@@](O)C7)[C@@](O)C6)CC5)CC4)C[C@]3O)CC2)=C1,1,0.93872917
Z2311928354,Clc1ccc(C(CCN(C)C)c2ncccc2)cc1.O=C(O)/C=C/C(=O)O,1,0.9381904
Z971222254,O=[N+]([O-])c1c(C)c(C(=O)N)cc([N+](=O)[O-])c1,1,0.9372826
Z2568666690,Clc1cc2nc(/C=C/c3cc([C@](SCC4(CC(=O)[O-])CC4)CCc4c(C(O)(C)C)cccc4)ccc3)ccc2cc1.[Na+],1,0.9367629
Z1552200029,O=C1OCC([C@@]2[C@]3(C)[C@@](O)([C@]4[C@@]([C@]5(C)[C@@](C[C@@](O[C@@]6O[C@](C)[C@@](O[C@@]7O[C@](C)[C@@](O[C@@]8O[C@](C)[C@@](O)[C@@](O)C8)[C@@](O)C7)[C@@](O)C6)CC5)CC4)CC3)CC2)=C1,1,0.93567127
Z2216907255,Clc1cc(c(-c2cnc(C)cc2)nc1)-c1ccc(S(=O)(=O)C)cc1,1,0.9348504
Z2315582665,Clc1ccc(C(OCCN(C)C)c2ncccc2)cc1.O=C(O)/C=C/C(=O)O,1,0.9322156
Z1556052559,O=C(N)C(CCN(C(C)C)C(C)C)(c1ncccc1)c1ccccc1,1,0.93219
Z1554101876,Clc1c(-c2c(C(=O)N[C@@]3C(=O)N4[C@@](C(=O)[O-])C(C)(C)S[C@]34)c(C)on2)c(Cl)ccc1.[Na+].O,1,0.93034744
Z1443584665,Clc1cc(Cl)cc(-c2oc3c(n2)ccc(C(=O)O)c3)c1,1,0.92908776
Z91274084,O=[N+]([O-])c1ccc(-c2oc(/C=N/N3C(=O)NC(=O)C3)cc2)cc1,1,0.92824084
Z1741977097,Clc1sc(C(=O)NC[C@@]2OC(=O)N(c3ccc(N4C(=O)COCC4)cc3)C2)cc1,1,0.9264688
Z2065417924,Clc1c([C@](Oc2c(N)ncc(-c3cn(C4CCNCC4)nc3)c2)C)c(Cl)ccc1F,1,0.9247327
Z1341543331,OC[C@@]1[C@@](O)[C@@](O)[C@](n2c3ncnc(N)c3nc2)O1,1,0.92136085
Z2939838603,S(=O)(=O)(O)C.O=C(N[C@@]1(C)C(=O)N2[C@@](O)(O1)[C@]1N(C(=O)[C@@]2Cc2ccccc2)CCC1)[C@]1CN(C)[C@]2[C@@](c3c4c([nH]cc4C2)ccc3)C1,1,0.9193796
Z2289761610,O=C(N)c1c(/N=N/N(C)C)[nH]cn1,1,0.9136103
Z3041510078,O=C(N[C@@]1C(=O)N2[C@@](C(=O)O)C(C)(C)S[C@]12)[C@](N)c1ccc(O)cc1.O.O.O,1,0.9123429
Z1878131003,FC(F)(F)c1ccc(NC(=O)/C(/C#N)=C(\O)/C)cc1,1,0.909666
Z1741982569,Clc1cc2N=C(N3CCN(C)CC3)c3c(Nc2cc1)cccc3,1,0.9090906
Z2065671685,ClC(Cl)C(=O)N[C@@]([C@](O)c1ccc(S(=O)(=O)C)cc1)CF,1,0.9088286
Z1546610490,Clc1ccc(C2(O)CCN(CCC(C(=O)N(C)C)(c3ccccc3)c3ccccc3)CC2)cc1.Cl,1,0.9075221
Z1546610483,O=C(N(O)C(C)c1sc2c(c1)cccc2)N,1,0.9037903
Z3243811539,S(=O)(=O)(O)C.S(=O)(=O)(Nc1cc2c([nH]c(C(=O)N3CCN(c4c(NC(C)C)cccn4)CC3)c2)cc1)C,1,0.90115637
Z2681891576,O=C(NCCO)/C=C/c1ccccc1,1,0.900658
Z2756516876,NC=1N2c3c(cccc3)Cc3c(cccc3)C2CN=1.Cl,1,0.90063596
Z1980444595,O=C(OC1C[C@@]2[N+]3([C@](C1)CC2)CCCC3)C(O)(c1ccccc1)c1ccccc1.[Cl-],1,0.90042925
Z2301534047,S(c1c2c([nH]c1)cccc2)C1=NCCN1.I,1,0.89968634
Z1557400301,Ic1c(Oc2cc(I)c(O)cc2)c(I)cc(C[C@](N)C(=O)O)c1,1,0.89947265
Z57117643,O=[N+]([O-])c1cc([N+](=O)[O-])cc(C(=O)N)c1,1,0.89803153
Z56886396,Ic1c(NC(=O)C)c(I)c(C(=O)O)c(I)c1NC(=O)C,1,0.8946965
Z56791187,O=C(Oc1ccc(C2(c3ccc(OC(=O)C)cc3)C(=O)Nc3c2cccc3)cc1)C,1,0.89361155
Z2768134941,O=C(OCCN1CCCCC1)c1c2OC(c3ccccc3)=C(C)C(=O)c2ccc1.Cl,1,0.89353687
Z1251172867,O=C(O[C@]1[C@](OC)[C@@](C(=O)OC)[C@@]2[C@](C1)CN1[C@@](c3[nH]c4c(c3CC1)ccc(OC)c4)C2)c1cc(OC)c(OC)c(OC)c1,1,0.88915867
Z1151174635,N(C(CN1c2c(Sc3c1cccc3)cccc2)C)(C)C.Cl,1,0.88868725
Z56872184,NC(C)C12CC3CC(C1)CC(C2)C3.Cl,1,0.8883004
Z2568699261,O=C(O)/C=C/C(=O)O.O(CCO)CCN1CCN(C2=Nc3c(Sc4c2cccc4)cccc3)CC1.O(CCO)CCN1CCN(C2=Nc3c(Sc4c2cccc4)cccc3)CC1,1,0.88623786
Z1550648764,Cl.c1([C@@]2N=C3SCCN3C2)ccccc1,1,0.8857874
Z2756516844,S(CC1=C(C(=O)[O-])N2C(=O)[C@@](NC(=O)Cn3nnnc3)[C@]2SC1)c1sc(C)nn1.[Na+],1,0.88466763
Z2235801903,Clc1cc2c(/C(=C/3\CCNCC\3)/c3ncccc3CC2)cc1,1,0.8821671
Z2235801948,P(=O)(OCN1C(=O)C(C)(C)Oc2c1nc(Nc1c(F)cnc(Nc3cc(OC)c(OC)c(OC)c3)n1)cc2)(O)O,1,0.881296
Z2568647847,FC(F)(F)c1ccc(/C(=N\OCCN)/CCCCOC)cc1.O=C(O)/C=C/C(=O)O,1,0.879762
Z2568722545,Fc1cc2/C(=C/c3c(C)c(C(=O)NCCN(CC)CC)c(C)[nH]3)/C(=O)Nc2cc1,1,0.87926143
Z104483432,Ic1c(O)c2ncccc2c(Cl)c1,1,0.8772598
Z2044741046,O=C(O)[C@@](N)Cc1c2c([nH]c1)ccc(O)c2,1,0.87423503
Z1546610485,Clc1c(F)ccc(Nc2ncnc3c2cc(OCCCN2CCOCC2)c(OC)c3)c1,1,0.8727661
Z1501480423,O(C)c1cc2c(/C=N/NC(=N)NCCCCC)c[nH]c2cc1,1,0.8683771
Z2568619526,Clc1cc2N(CCCN3CCN(C)CC3)c3c(Sc2cc1)cccc3.O=C(O)/C=C/C(=O)O.O=C(O)/C=C/C(=O)O,1,0.86830664
Z756440056,O=C(O)[C@@](N)Cc1c2c([nH]c1)cccc2,1,0.86289245
Z1741968270,O(CCc1ncc(CC)cc1)c1ccc(CC2C(=O)NC(=O)S2)cc1.Cl,1,0.8582036
Z1162463430,S(CCN/C(=N/C#N)/NC)Cc1c(C)[nH]cn1,1,0.8580157
Z3905817531,FC(F)(F)C(=O)O.FC(F)(F)C(=O)O.FC(F)(F)C(=O)O.O=C(N[C@@](C(=O)N1CCC(N)(C(=O)O)CC1)CCCCN)[C@](NC(=O)[C@](NC(=O)[C@](N)Cc1ccccc1)Cc1ccccc1)CC(C)C,1,0.85262877
Z1541759894,O=C(O[C@@]1[C@]2(C)[C@]([C@]3[C@@]([C@]4(C)[C@](C[C@](OC(=O)C)[C@@](N5CCCCC5)C4)CC3)CC2)C[C@@]1[N+]1(C)CCCCC1)C.[Br-],1,0.8491128
Z1592690505,FC(F)(F)c1cc2N(CCCN3CCN(CCO)CC3)c3c(Sc2cc1)cccc3.Cl.Cl,1,0.8471809
Z57931208,O/N=C/c1[n+](C)cccc1.[Cl-],1,0.845868
Z271014318,O(CC(N)C)c1c(C)cccc1C,1,0.8454167
Z1248763315,FC(F)(F)c1cc(Nc2c(C(=O)OCCOCCO)cccc2)ccc1,1,0.8414438
Z1741977105,O(C)c1c(OC)cc2c(C(=O)C(CC3CCN(Cc4ccccc4)CC3)C2)c1,1,0.8412481
Z104343004,Sc1[n+]([O-])cccc1,1,0.83911
Z1551967349,O=[N+]([O-])c1cc(C2C(C(=O)OCCN(Cc3ccccc3)C)=C(C)NC(C)=C2C(=O)OC)ccc1.Cl,1,0.8319048
Z1465002628,[N+](C)(C)=C1C=CC(=C(c2ccc(N(C)C)cc2)c2ccc(N(C)C)cc2)C=C1.[Cl-],1,0.8308127
Z1558515434,O([C@]1[C@](O)[C@@](O)C(O)O[C@@]1CO)[C@@]1[C@](O)[C@@](O)[C@](O[C@@]2[C@](O)[C@@](O)[C@](N[C@@]3[C@](O)[C@@](O)[C@](O)C(CO)=C3)[C@@](C)O2)[C@@](CO)O1,1,0.8304433
Z3041521791,S(CC1=C(C(=O)[O-])N2C(=O)[C@@](NC(=O)[C@](OC=O)c3ccccc3)[C@]2SC1)c1n(C)nnn1.[Na+],1,0.82852715
Z1521553713,FC(F)(F)c1n2c(nn1)CN(C(=O)C[C@](N)Cc1c(F)cc(F)c(F)c1)CC2,1,0.82565355
Z2588039015,Clc1ccc(C(=O)NCCc2ccc(OC(C(=O)O)(C)C)cc2)cc1,1,0.8151799
Z104473910,S(SC(=S)N(CC)CC)C(=S)N(CC)CC,1,0.8039278
Z234896485,SC([C@@](N)C(=O)O)(C)C,1,0.8034974
Z1514087129,O=[N+]([O-])c1sc(NC(=O)c2c(OC(=O)C)cccc2)nc1,1,0.79987377
Z2242151271,O(C(C)(c1ncccc1)c1ccccc1)CCN(C)C,1,0.79936975
Z1521553845,Clc1cc2c(/C(=C/3\CCN(C(=O)OCC)CC\3)/c3ncccc3CC2)cc1,1,0.79908025
Z57473348,O=C(O)CN1c2c(C(=O)c3c1cccc3)cccc2,1,0.7976366
Z1515385075,O=C(N)C=1C(=O)[C@@]2(O)C(O)=C3C(=O)c4c(O)cccc4[C@](O)(C)[C@]3[C@](O)[C@]2[C@](N(C)C)C=1O,1,0.79262686
Z666296432,Clc1c(C(O)CNC(C)C)cccc1,1,0.7909304
Z1551900864,Clc1cc2nccc(NC(CCCN(CCO)CC)C)c2cc1.S(=O)(=O)(O)O,1,0.7908818
Z2587758505,S(=O)(=O)([O-])CCCC[N+]1=C(/C=C/C=C/C=C/C=C/2\N(CCCCS(=O)(=O)[O-])c3c(C\2(C)C)c2c(cc3)cccc2)C(C)(C)c2c3c(ccc12)cccc3.[Na+],1,0.7900496
Z57198680,S(=O)(=O)(Nc1sccn1)c1ccc(N)cc1,1,0.7898584
Z3247611631,O=C(OC)N[C@](C(=O)N1[C@](c2[nH]c(-c3ccc(-c4ccc(-c5[nH]c([C@]6N(C(=O)[C@@](NC(=O)OC)C(C)C)CCC6)nc5)cc4)cc3)cn2)CCC1)C(C)C.Cl.Cl,1,0.78946894
Z1508915075,O=C(O)[C@@](N)(Cc1cc(O)c(O)cc1)C,1,0.7890748
Z1501475006,S(=O)(Cc1c(C)c(OC)c(C)cn1)c1[nH]c2c(n1)cc(OC)cc2,1,0.78769356
Z2301684749,Clc1cnc(NC(=O)C(=O)N[C@@]2[C@](NC(=O)c3sc4c(n3)CCN(C)C4)C[C@@](C(=O)N(C)C)CC2)cc1,1,0.7865861
Z1954806063,N(C)(C)c1cc2[s+]c3c(nc2cc1)ccc(N(C)C)c3.[Cl-],1,0.78614026
Z1521553472,CN1CCN(C2=Nc3c(Nc4sc(C)cc24)cccc3)CC1,1,0.78608495
Z104473554,ClC(Cl)(Cl)C(O)(C)C,1,0.7852586
Z1695906783,Cl.C1(C2c3c(cccc3)CCC2)=NCCN1,1,0.7841591
Z56754480,S(SC(=S)N(C)C)C(=S)N(C)C,1,0.78348607
Z2937147473,FC(F)(F)c1cc(C(F)(F)F)cc([C@](O[C@@]2[C@@](N(CC3=NC(=O)NN3)CCO2)c2ccc(F)cc2)C)c1,1,0.7827322
Z1741976844,O=C(OCC)c1n([C@](C)c2ccccc2)cnc1,1,0.7813246
Z1546610475,Clc1cc2C(N3CCNCC3)=Nc3c(Oc2cc1)cccc3,1,0.78048575
Z1541759904,O=C(OCC1=C(C)OC(=O)O1)c1n(Cc2ccc(-c3c(-c4[nH]nnn4)cccc3)cc2)c(CCC)nc1C(O)(C)C,1,0.77819276
Z1741977144,O=C(N[C@@]1C(=O)N2C(C(=O)O)=C(COC(=O)C)CS[C@]12)Cc1sccc1,1,0.7737064
Z1497043450,Clc1c(OCC(O)CNC(C)(C)C)cc(C)cc1,1,0.7726124
Z1575099375,O=C(O)c1c2n(Cc3ccc(-c4c(C5=NC(=O)ON5)cccc4)cc3)c(OCC)nc2ccc1,1,0.77159774
Z1617901127,[C@](C)(c1c(C)c(C)ccc1)c1nc[nH]c1.Cl,1,0.76923805
Z1741981513,Clc1c(S(=O)(=O)N)cc(C2(O)NC(=O)c3c2cccc3)cc1,1,0.76612157
Z3041519356,O=C([O-])[C@@](C(=O)N[C@@]1C(=O)N2[C@@](C(=O)[O-])C(C)(C)S[C@]12)c1cscc1.[Na+].[Na+],1,0.76187253
Z1544404032,Clc1c(-c2c(C(=O)N[C@@]3C(=O)N4[C@@](C(=O)[O-])C(C)(C)S[C@]34)c(C)on2)cccc1.[Na+].O,1,0.76012766
Z82177056,S(=O)(=O)(C)c1ccc(-c2nc3n(c2)C=CC=C3)cc1,1,0.7559223
Z1546624232,O=C(Nc1cc(Nc2nc(-c3cnccc3)ccn2)c(C)cc1)c1ccc(CN2CCN(C)CC2)cc1,1,0.7501515
Z104475058,Clc1c(O)c2nc(C)ccc2c(Cl)c1,1,0.7487435
Z1592690521,N(CCCN1c2c(Sc3c1cccc3)cccc2)(C)C.Cl,1,0.73679334
Z1302446275,O=C(C=C)N1C[C@](n2nc(-c3ccc(Oc4ccccc4)cc3)c3c(N)ncnc23)CCC1,1,0.7343553
Z2588038982,O=C(O)CCNC(=O)c1ccc(/N=N/c2cc(C(=O)O)c(O)cc2)cc1,1,0.73391545
Z235354561,Fc1c(C(O)(Cn2ncnc2)Cn2ncnc2)ccc(F)c1,1,0.73354834
Z381079728,ClC(Cl)C(c1c(Cl)cccc1)c1ccc(Cl)cc1,1,0.73112756
Z2244578658,N(=C(/N(C)C)\N)\C(=N)N.Cl,1,0.7307714
Z1501485354,O=C1N(C)CC(=O)N2[C@](c3cc4OCOc4cc3)c3[nH]c4c(c3C[C@]12)cccc4,1,0.7259905
Z56804486,O=C(O)C(CC)c1ccc(N2C(=O)c3c(cccc3)C2)cc1,1,0.7259763
Z1623942918,O=C(O)/C=C/C(=O)O.O=C(O)/C=C/C(=O)O.CN1CC/C(=C\2/c3ncccc3CCc3c/2cccc3)/CC1,1,0.7177724
Z594284196,O=C(N)c1nn([C@]2[C@](O)[C@](O)[C@@](CO)O2)cn1,1,0.7153948
Z2588063484,O=C(C(C)C)c1c(C(C)C)nn2c1C=CC=C2,1,0.7123542
Z2512157852,Clc1c(Nc2c(P(=O)(C)C)cccc2)nc(Nc2c(OC)cc(N3CCC(N4CCN(C)CC4)CC3)cc2)nc1,1,0.711976
Z2242164525,FC(F)(F)c1c([N+](=O)[O-])ccc(N2C(=O)C(C)(C)NC2=O)c1,1,0.71092016
Z1137167677,O=S1(=O)N(C)/C(=C(\O)/Nc2ncccc2)/C(=O)c2c1cccc2,1,0.7107409
Z3241270511,O=C1N(C[C@]2[C@](CN3CCN(c4nsc5c4cccc5)CC3)CCCC2)C(=O)[C@@]2[C@]1[C@@]1C[C@]2CC1.Cl,1,0.7097141
Z3071621361,S(=O)(=O)(O)O.O[C@@](CNC(C)(C)C)c1cc(CO)c(O)cc1,1,0.70658475
Z2210694608,Clc1c(O)c(O)cc2C(c3ccc(O)cc3)CNCCc12.S(=O)(=O)(O)C,1,0.70611364
Z1558504346,FC(F)(F)c1c(NC(=O)[C@@]2[C@]3(C)[C@]([C@]4[C@@]([C@@]5(C)C=CC(=O)N[C@@]5CC4)CC3)CC2)cc(C(F)(F)F)cc1,1,0.70424485
Z56797275,FC(F)(F)c1cc(Nc2c(C(=O)O)cccc2)ccc1,1,0.70344675
Z104473594,OCCCCCCCCCCCCCCCC,1,0.7013853
Z1255464975,Clc1cc2nccc(O)c2cc1,1,0.70007825
Z1160865418,O=C([O-])c1c(C=2c3c(OC=4C=2C=CC(=O)C=4)cc([O-])cc3)cccc1.[Na+].[Na+],1,0.696563
Z56762888,C(c1c2c(ccc1)cccc2)C1=NCCN1,1,0.6931863
Z104477466,Clc1cc2N(CCCN(C)C)c3c(Sc2cc1)cccc3.Cl,1,0.692717
Z2144222809,O=C(N)C=1C(=O)[C@@]2(O)C(O)=C3C(=O)c4c(O)cccc4[C@](O)(C)[C@]3C[C@]2[C@](N(C)C)C=1O,1,0.69235665
Z728800602,S(=O)(=O)(N)C=1S/C(=N/C(=O)C)/N(C)N=1,1,0.68866205
Z2520891696,Clc1c(COC(Cn2cncc2)c2c(Cl)cc(Cl)cc2)ccs1,1,0.6882567
Z2373117814,O(CCCCN1CCN(c2c3c(scc3)ccc2)CC1)c1cc2NC(=O)C=Cc2cc1,1,0.6878267
Z2382058334,O=C(OCC1=C(C(=O)O)N2C(=O)[C@@](NC(=O)/C(=N/OC)/c3occc3)[C@]2SC1)N,1,0.6871278
Z2574931930,Brc1ccc(C(OCCN(C)C)(C)c2ccccc2)cc1,1,0.6849686
Z2235802137,FC(F)(F)COc1c(OCCN[C@@](Cc2cc(C(=O)N)c3N(CCCO)CCc3c2)C)cccc1,1,0.68345827
Z2037280409,Fc1ccc(C(=O)c2cc3nc(NC(=O)OC)[nH]c3cc2)cc1,1,0.6778383
Z1551967555,O=C(N)N1c2c(C(=O)Cc3c1cccc3)cccc2,1,0.6743038
Z57063156,S(c1n(C)cnc1[N+](=O)[O-])c1ncnc2nc[nH]c12,1,0.6740249
Z3014475009,S(=O)(=O)(N[C@](C(=O)N1[C@@](C(=O)O)C[C@](C)CC1)CCCNC(=N)N)c1c2NCC(C)Cc2ccc1.O,1,0.67289567
Z1575277625,S(=O)(=O)(N)c1c(C(F)(F)F)cc2NC(Cc3ccccc3)NS(=O)(=O)c2c1,1,0.6719183
Z111781330,Clc1c(O)c2ncccc2c(Cl)c1,1,0.66636246
Z228668542,FC(F)(F)c1ccc(NC(=O)c2c(C)onc2)cc1,1,0.66360766
Z1550648760,Fc1ccc(C2(CCCN(C)C)OCc3c2ccc(C#N)c3)cc1.Br,1,0.65681607
Z1501480424,O=C1C=C2C(=C3[C@@](c4ccc(N(C)C)cc4)C[C@]4(C)[C@](O)(C#CC)CC[C@]4[C@@]3CC2)CC1,1,0.65478605
Z1501485356,S(=O)(Cc1c(C)c(OCC(F)(F)F)ccn1)c1[nH]c2c(n1)cccc2,1,0.6541776
Z1521553906,Fc1cc2onc(C3CCN(CCCOc4c(OC)cc(C(=O)C)cc4)CC3)c2cc1,1,0.65341175
Z1191880499,O=C(NCCc1c2c([nH]c1)ccc(OC)c2)C,1,0.6505493
Z2768171875,S(=O)(=O)(O)O.Nc1cc2nc3c(cc2cc1)ccc(N)c3,1,0.64822686
Z56755828,O=C(O)c1c(Nc2c(C)c(C)ccc2)cccc1,1,0.6384286
Z212055564,O=C(O)CCc1oc(c(-c2ccccc2)n1)-c1ccccc1,1,0.6350758
Z2235801884,FC1(F)Oc2c(O1)ccc(C1(C(=O)Nc3nc(c(C)cc3)-c3cc(C(=O)O)ccc3)CC1)c2,1,0.6345711
Z1494829513,O(C)c1c(OC)ccc2c1c[n+]1c(-c3c(cc4OCOc4c3)CC1)c2.[Cl-],1,0.6331888
Z2194031487,Clc1c(C(OCc2c3c(c(Cl)ccc3)sc2)Cn2cncc2)ccc(Cl)c1,1,0.63273686
Z756440064,O=C(O)[C@@](N)Cc1cc(O)c(O)cc1,1,0.6323943
Z1546610486,Clc1c(NC(=O)c2sc(Nc3nc(C)nc(N4CCN(CCO)CC4)c3)nc2)c(C)ccc1,1,0.6303285
Z756438860,O=C(O)[C@@](NC(=O)C)CC(C)C,1,0.63012
Z1551627167,S(=O)(=O)(O)O.O([C@]1[C@](O[C@@]2[C@](N)[C@@](O)[C@](O)[C@@](CO)O2)[C@@](N)C[C@@](N)[C@@]1O)[C@]1[C@](O)[C@](O[C@@]2[C@](N)[C@@](O)[C@](O)[C@](CN)O2)[C@@](CO)O1,1,0.62903905
Z1546610479,Fc1cc2C(=O)N(C)Cc3c(C(=O)OCC)ncn3-c2cc1,1,0.6283944
Z275534804,S(=O)(=O)(/N=C(\N)/N)c1ccc(N)cc1,1,0.62682617
Z2311574250,N(CCCC12c3c(cccc3)C(c3c1cccc3)CC2)C.Cl,1,0.6267811
Z1741976994,FC(F)(F)c1cc(NC(=O)c2cc(Nc3nc(-c4cnccc4)ccn3)c(C)cc2)cc(-n2cc(C)nc2)c1,1,0.6262415
Z3234818655,S(=O)(=O)(O)C.Fc1c(C2(N)CC2)c2OC[C@](C)N3c2c(C(=O)C(C(=O)O)=C3)c1,1,0.6216301
Z1741975772,O=C(O)Cc1n(C)c(C(=O)c2ccc(C)cc2)cc1,1,0.61972713
Z55135799,O=C(Nc1c(C)cccc1C)CN(CC)CC,1,0.61947244
Z56828371,N(c1c(C)cccc1C)C=1SCCCN=1,1,0.61844933
Z56786458,O=C1C(c2ccccc2)(c2ccccc2)NC(=O)N1,1,0.61629194
Z44530398,O=C(Nc1c(C)cccc1)C(NCCC)C,1,0.6161112
Z3041510169,O=C(O)c1ccc(N2/C(=C\3/C(=O)C=CC=C/3)/N/C(=C/3\C(=O)C=CC=C\3)/N2)cc1,1,0.61062926
Z2417557127,Clc1c(CO)n(Cc2ccc(-c3c(-c4[nH]nnn4)cccc3)cc2)c(CCCC)n1,1,0.60636646
Z1501480428,Fc1cc2onc(C3CCN(CCC=4C(=O)N5C(=NC=4C)CCCC5)CC3)c2cc1,1,0.60535836
Z2568665233,O=C(OCCN1CCOCC1)CC/C(=C/Cc1c(OC)c(C)c2c(c1O)C(=O)OC2)/C,1,0.60319805
Z1537384907,O=C(Nc1nccc(C)c1)C(C)c1cc(C(=O)c2ccccc2)ccc1,1,0.6023764
Z2583154880,S(=O)(=O)(N(C)c1nc(C(C)C)c(/C=C/[C@@](O)C[C@@](O)CC(=O)[O-])c(-c2ccc(F)cc2)n1)C.[Na+],1,0.600724
Z2289798874,Clc1ccc(C(=O)NC(C(=O)O)CC=2c3c(NC(=O)C=2)cccc3)cc1,1,0.5999881
Z1541759502,O=C1N(CCCCN2CCN(c3ncccn3)CC2)C(=O)CC2(C1)CCCC2.Cl,1,0.595732
Z756424446,O=C(N[C@@]1C(=O)N2[C@@](C(=O)[O-])C(C)(C)S[C@]12)Cc1ccccc1.[K+],1,0.5885852
Z2569864568,O=C(O)[C@@](N[C@](C(=O)N1[C@](C(=O)O)CCC1)C)CCc1ccccc1.O.O,1,0.5870672
Z608060832,O(CC(O)CNC(C)(C)C)c1c2c(ccc1)C[C@@](O)[C@@](O)C2,1,0.58576596
Z1515383338,O=C(OC(OC(=O)c1c2n(Cc3ccc(-c4c(-c5[nH]nnn5)cccc4)cc3)c(OCC)nc2ccc1)C)OC1CCCCC1,1,0.5828352
Z256708526,O=S1(=O)NC(=O)c2c1cccc2,1,0.5811914
Z2315576239,Clc1cc2/C(=C\CCN(C)C)/c3c(Sc2cc1)cccc3,1,0.572225
Z1521553597,Fc1cc2onc(C3CCN(CCC=4C(=O)N5C(C(O)CCC5)=NC=4C)CC3)c2cc1,1,0.5716487
Z1558483766,O(C)[C@@]1(C)[C@@](O)[C@](C)O[C@@](O[C@@]2[C@@](C)C(=O)O[C@](CC)[C@](O)(C)[C@](O)[C@@](C)N(C)C[C@](C)C[C@](O)(C)[C@](O[C@]3[C@](O)[C@@](N(C)C)C[C@@](C)O3)[C@]2C)C1,1,0.56460106
Z2568712703,Clc1cc(C(O)CN(CCCC)CCCC)c-2c(/C(=C/c3ccc(Cl)cc3)/c3c-2ccc(Cl)c3)c1,1,0.5585587
Z1541758602,Clc1cc(C(O)CN(CCCC)CCCC)c-2c(/C(=C/c3ccc(Cl)cc3)/c3c-2ccc(Cl)c3)c1,1,0.5585587
Z56841337,C(n1c2c(c3c1CCN(C)C3)cccc2)c1ccccc1,1,0.5568481
Z1544404500,Clc1c(Cl)ccc([C@]2c3c([C@@](NC)CC2)cccc3)c1.Cl,1,0.55543405
Z2235811583,O=C(OCCCCCC)/N=C(\N)/c1ccc(NCc2n(C)c3c(n2)cc(C(=O)N(CCC(=O)OCC)c2ncccc2)cc3)cc1,1,0.5528045
Z2315574782,O=[N+]([O-])c1c(O)c(O)cc(/C=C(\C(=O)N(CC)CC)/C#N)c1,1,0.5510651
Z1575268710,Clc1c(S(=O)(=O)N)cc2S(=O)(=O)NC(CSCc3ccccc3)=Nc2c1,1,0.5506678
Z57825347,Ic1c(O)c2ncccc2c(I)c1,1,0.5473665
Z608353996,O=C1[C@]2(O)O[C@@]3[C@@](NC)[C@@](O)[C@@](NC)[C@](O)[C@]3O[C@@]2O[C@](C)C1.Cl.Cl.O.O.O.O.O,1,0.5468996
Z1501485351,Clc1c(S(=O)(=O)N)cc(C(=O)NN2C(C)Cc3c2cccc3)cc1,1,0.54465795
Z60744762,O=C(Nc1ncccc1)Cc1ccc(-c2ccccc2)cc1,1,0.5392621
Z2681891229,O=C(OC1C[C@@]2N(C)[C@](C1)CC2)c1c2c([nH]c1)cccc2,1,0.53924733
Z2315576259,N(C/C=C/C#CC(C)(C)C)(Cc1c2c(ccc1)cccc2)C,1,0.5376651
Z56922101,O=C(O)C=1Oc2c(C(=O)C=1)cccc2,1,0.5358933
Z1198155438,O=C(O)c1ncc(C)[n+]([O-])c1,1,0.5349197
Z2235801952,Fc1c(CNC(=O)C=2C(=O)C(O)=C3C(=O)N4[C@](C)CCO[C@]4CN3C=2)ccc(F)c1,1,0.532924
Z56896159,O(CC)c1c(OCC)ccc(CC2=NCCc3c2cc(OCC)c(OCC)c3)c1.Cl,1,0.53117436
Z871871932,OC[C@@]1[C@@](O)[C@](O)[C@@](N)C(O)O1.Cl,1,0.5295882
Z1255434943,O=C(O)[C@@](N)(Cc1ccc(O)cc1)C,1,0.5194025
Z2042042504,O=C(O)[C@@](NC(=O)c1ccc(NCc2nc3c(O)nc(N)nc3nc2)cc1)CCC(=O)O,1,0.5155932
Z2065671295,O=C(C)c1cc2N(CCCN3CCC(CCO)CC3)c3c(Sc2cc1)cccc3,1,0.51242197
Z195110238,O=C(N)c1nn(-c2ccc(OC)cc2)c2C(=O)N(c3ccc(N4C(=O)CCCC4)cc3)CCc12,1,0.5111116
Z57479431,O=C(Nc1c(C)cccc1C)C1N(CCCC)CCCC1,1,0.5106006
Z2587996957,Fc1c(N2C[C@]3NCCC[C@]3C2)c(OC)c2N(C3CC3)C=C(C(=O)O)C(=O)c2c1,1,0.5093395
Z1255430959,O=C1C(C)=CC(=O)c2c1cccc2,1,0.5091112
Z203244248,SC(C(N)C(=O)O)(C)C,1,0.5053364
Z203045076,N=C(Nc1ccccc1)Nc1ccccc1,1,0.50313354
Z57170530,O=C1C(CC=2C(=O)Oc3c(C=2O)cccc3)=C(O)c2c(O1)cccc2,0,0.49631083
Z275375166,C(n1cncc1)(c1ccc(-c2ccccc2)cc1)c1ccccc1,0,0.49555552
Z1522567174,NC12CC3CC(C1)CC(C2)C3.Cl,0,0.49092436
Z1741980843,O=C(Nc1c(C)cccc1C)C1N(C)CCCC1,0,0.4906816
Z1521553846,Clc1c(Cl)cccc1N1CCN(CCCCOc2cc3NC(=O)CCc3cc2)CC1,0,0.49028227
Z1530532757,Clc1ccc([C@@](OCC[C@@]2N(C)CCC2)(C)c2ccccc2)cc1.Cl,0,0.49004155
Z3219847383,O=C/C=C/c1ccccc1,0,0.48926654
Z2235801839,O=C1C=C2C(=C3[C@]([C@]4[C@@](C)([C@](O)(CC#N)CC4)CC3)CC2)CC1,0,0.48736334
Z1198155509,O=C(N)C(C(CC)C)CC,0,0.48511598
Z2204459563,OC[C@@]1[C@@](O)C[C@](n2c3N=CNC[C@@](O)c3nc2)O1,0,0.48396546
Z2301684895,O=C(O)[C@@](NN)(Cc1cc(O)c(O)cc1)C,0,0.48286268
Z1541759893,O=C(O)C(O)C(O)C(=O)O.O=C(N[C@]1[C@](OC(CC)CC)C=C(C(=O)O)C[C@@]1N)C,0,0.48144794
Z53833825,O=C(OCCOCC)/C=C/c1ccc(OC)cc1,0,0.47509554
Z1532717445,Fc1ccc(CNC(=O)C2=C(O)C(=O)N(C)C(C(NC(=O)c3oc(C)nn3)(C)C)=N2)cc1,0,0.4725595
Z57355370,O=C1N(N(c2ccccc2)C(=O)C1CCCC)c1ccccc1,0,0.4698276
Z784767764,O=C(N1CCN(c2nc(N)c3c(n2)cc(OC)c(OC)c3)CC1)C1Oc2c(OC1)cccc2,0,0.468406
Z1557407327,S(=O)(CCC1C(=O)N(N(c2ccccc2)C1=O)c1ccccc1)c1ccccc1,0,0.46621907
Z2379810069,O=C1N(N(c2ccccc2)C(=O)C1CCCC)c1ccc(O)cc1,0,0.46588966
Z2216885233,Fc1c(-c2ccccc2)ccc(C(C(=O)O)C)c1,0,0.46413732
Z608061562,Brc1c(NC2=NCCN2)ccc2nccnc12,0,0.46321177
Z4168286686,O=C1N2C(=NC(C3=Nn4c(C(C)=C3)nc(C)c4)=C1)C=CC(N1CC3(NCC1)CC3)=C2.Cl,0,0.4609947
Z31723661,O=C(N(CC)CC)c1cc(C)ccc1,0,0.4597207
Z2241982440,O=C(O)C[C@]1C(=O)N[C@@](Cc2c3c([nH]c2)cccc3)C(=O)N2[C@](C(=O)N[C@](C(=O)N)CSSCCC(=O)N[C@@](CCCC/N=C(\N)/N)C(=O)NCC(=O)N1)CCC2,0,0.4591685
Z3207130668,O=C(OC1C[C@@]2N(C)[C@@]([C@]3O[C@@]23)C1)[C@](CO)c1ccccc1.Br.O.O.O,0,0.45793983
Z1532338577,Clc1c(Cl)cccc1-c1c(N)nc(N)nn1,0,0.4576472
Z277540138,Clc1cc(C(=O)NCCc2ccc(S(=O)(=O)NC(=O)NC3CCCCC3)cc2)c(OC)cc1,0,0.4526992
Z324590202,O(CCOc1ccc(C(CC(C)(C)C)(C)C)cc1)CC[N+](Cc1ccccc1)(C)C.[Cl-],0,0.45068562
Z2227698469,Fc1c(C(=O)N2CCN(C(=O)C3CC3)CC2)cc(CC2=NNC(=O)c3c2cccc3)cc1,0,0.45034796
Z1741968269,O=C(O)c1c2n(Cc3ccc(-c4c(-c5[nH]nnn5)cccc4)cc3)c(OCC)nc2ccc1,0,0.4496832
Z2196779550,Clc1c(N)cc(OC)c(C(=O)NCCN(CC)CC)c1,0,0.44901088
Z90121065,O=C(O)c1c(O)cc(N)cc1,0,0.4488566
Z1617901125,N#CN/C(=N/c1ccncc1)/NC(C(C)(C)C)C.O,0,0.44700584
Z27661938,O=C(NC=1C(=O)N(N(C)C=1C)c1ccccc1)c1cnccc1,0,0.44668487
Z57127471,O=C(O)c1c(O)ccc(N)c1,0,0.4462995
Z1424590960,O=C(OCC)c1cnc(C#Cc2cc3C(C)(C)CCSc3cc2)cc1,0,0.44531345
Z1541759504,Clc1cc(N2CCN(CCCN3C(=O)N4C(=N3)C=CC=C4)CC2)ccc1.Cl,0,0.44298226
Z2756516821,N(Cc1ccccc1)(CC1=NCCN1)c1ccccc1.Cl,0,0.44162914
Z2568700088,O=C(O)/C=C/C(=O)O.O(CCN(C)c1ncccc1)c1ccc(CC2C(=O)NC(=O)S2)cc1,0,0.44132772
Z1541759499,O=C(O)c1c(C)nc(-c2cc(C#N)c(OCC(C)C)cc2)s1,0,0.43784547
Z1741975591,O=C(Nc1ccccc1)C1=C(C)OCCS1,0,0.43782556
Z1269145231,S(SC[C@](N)C(=O)O)C[C@](N)C(=O)O,0,0.4376387
Z2756516920,O=C(N(C)c1ccc(N/C(/c2ccccc2)=C\2/C(=O)Nc3c/2ccc(C(=O)OC)c3)cc1)CN1CCN(C)CC1,0,0.43651167
Z57198677,S(=O)(=O)(Nc1noc(C)c1)c1ccc(N)cc1,0,0.43432137
Z2588038960,O=C(NC1C[C@@]2N(C)[C@](C1)CCC2)c1nn(C)c2c1cccc2,0,0.43343386
Z1575081875,O([C@@](CCNC)c1sccc1)c1c2c(ccc1)cccc2.Cl,0,0.43199363
Z1198155477,Clc1c(O)c(Cl)c(C)nc1C,0,0.43126056
Z56755859,O=[N+]([O-])c1ccc(C(O)CNC(C)C)cc1,0,0.42815614
Z57931197,N(C)(C)c1nc(N(C)C)nc(N(C)C)n1,0,0.4252747
Z2681890654,O=C1NC=Nc2n([C@]3[C@](O)[C@](O)[C@@](CO)O3)cnc12,0,0.4242137
Z1198152903,N=C(NCCN1CCCCCCC1)N,0,0.4240884
Z2429420872,O=C(c1n2c(C(C(=O)O)CC2)cc1)c1ccccc1,0,0.42201915
Z2681891234,O=C(O)CCN(C(=O)c1cc2nc(CNc3ccc(C(=N)N)cc3)n(C)c2cc1)c1ncccc1,0,0.42120934
Z2216894329,O=C(C)C=1C(=O)N(C2CCCC2)c2nc(Nc3ncc(N4CCNCC4)cc3)ncc2C=1C,0,0.42023978
Z57127477,O=[N+]([O-])c1ccc(-c2ccccc2)cc1,0,0.4169721
Z2216887910,Fc1ccc(C(=O)C2CCN(CCN3C(=O)Nc4c(C3=O)cccc4)CC2)cc1,0,0.41695362
Z1269122570,Clc1cc2S(=O)(=O)NC(C)=Nc2cc1,0,0.41066805
Z667612124,O=C(NCc1ccc(OCCN(C)C)cc1)c1cc(OC)c(OC)cc1,0,0.40668774
Z641623606,O=C(N(CC)CC)N1CCN(C)CC1,0,0.4003415
Z56761710,O=C(NCc1ccccc1)c1cc[n+](C)cc1.[I-],0,0.39504603
Z1501475008,O=C(NC(C)(C)C)[C@@]1[C@]2(C)[C@]([C@]3[C@@]([C@@]4(C)C=CC(=O)N[C@@]4CC3)CC2)CC1,0,0.38874453
Z667611948,O=C(NCc1ccc(OCCN(C)C)cc1)c1cc(OC)c(OC)c(OC)c1,0,0.3884562
Z2185283535,O=C(O[C@@]1(C(=O)C)[C@]2(C)[C@]([C@]3C([C@@](c4ccc(N(C)C)cc4)C2)=C2C(=CC(=O)CC2)CC3)CC1)C,0,0.38027775
Z2417819564,Ic1c(O)c(I)cc2C(c3c(Cl)c(Cl)c(Cl)c(Cl)c3C(=O)O)=C3C(=C(I)C(=O)C(I)=C3)Oc12,0,0.38000235
Z3243814856,S(C1=C(C(=O)O)N2C(=O)[C@]([C@](O)C)[C@]2[C@]1C)[C@]1C[C@@](C(=O)N(C)C)NC1.O.O.O,0,0.3790649
Z1546610480,Clc1cc2C(O)CCCN(C(=O)c3c(C)cc(NC(=O)c4c(C)cccc4)cc3)c2cc1,0,0.3773164
Z111872342,Clc1ccc(Cn2c(C)nc3c2cccc3)cc1.Cl,0,0.37635985
Z1741977993,O(CCCCCOc1ccc(C(=N)N)cc1)c1ccc(C(=N)N)cc1,0,0.37633845
Z1741981540,O=C(NCCC(=O)[O-])[C@](O)C(CO)(C)C.[Na+],0,0.3762892
Z104474430,O=C(Oc1c(C(=O)O)cccc1)C,0,0.37493646
Z2588038997,Clc1ccc(C2CCC(C3=C(O)C(=O)c4c(C3=O)cccc4)CC2)cc1,0,0.37034476
Z1590790198,Fc1c(N2CCN(C)CC2)c2OC[C@](C)N3c2c(C(=O)C(C(=O)O)=C3)c1,0,0.36795333
Z2681891323,S(=O)(=O)(Nc1c(Oc2ccccc2)cc2C(=O)C(NC=O)=COc2c1)C,0,0.36594647
Z44591715,S(=O)(=O)(NC(=O)NCCCC)c1ccc(C)cc1,0,0.3639534
Z56768517,O=S1(=O)OC(c2ccc(O)cc2)(c2ccc(O)cc2)c2c1cccc2,0,0.36319765
Z1541759373,S(=O)(=O)(Nc1cc2c(C(=O)c3ccc(OCCCN(CCCC)CCCC)cc3)c(CCCC)oc2cc1)C.Cl,0,0.36058015
Z57169486,O=C1Oc2c(cccc2)C=C1,0,0.3600283
Z276509110,Clc1ccc(S(=O)(=O)NC(=O)NCCC)cc1,0,0.3586401
Z104508594,O=C(N)N1c2c(cccc2)C=Cc2c1cccc2,0,0.35856798
Z2037279612,FC(F)(F)c1cc(C(F)(F)F)cc(C(C(=O)N(C)c2c(-c3c(C)cccc3)cc(N3CCN(C)CC3)nc2)(C)C)c1,0,0.35767862
Z2185274784,O=C1N([C@]2C3CCN(C2)CC3)C[C@@]2c3c1cccc3CCC2,0,0.35413715
Z1541759909,O=C1[C@](O)(CC)C2=C(C(=O)N3C(c4nc5c(c(CC)c4C3)cc(O)cc5)=C2)CO1,0,0.35297775
Z2588038967,S(=O)(CCCC(F)(F)C(F)(F)F)CCCCCCCCC[C@]1C2[C@]3[C@@](C)([C@@](O)CC3)CC[C@@]2c2c(cc(O)cc2)C1,0,0.35295987
Z1575267190,S(=O)(=O)(NC(=O)NN1CCCCCC1)c1ccc(C)cc1,0,0.35269564
Z2235801995,Fc1ccc(-c2sc(Cc3c(C)ccc([C@]4[C@](O)[C@@](O)[C@](O)[C@@](CO)O4)c3)cc2)cc1,0,0.35136902
Z1020762628,FC(F)(F)c1cc(C(O)(CC)c2ccccc2)ccc1,0,0.35113212
Z104493622,Clc1ccc(C2S(=O)(=O)CCC(=O)N2C)cc1,0,0.35060257
Z90123586,O=C(Oc1c2c(ccc1)cccc2)NC,0,0.35026786
Z756456072,O=C(O)[C@@](NC(=O)C)CCC(=O)N,0,0.34758517
Z1515385084,Fc1c(N2CCOCC2)ccc(N2C(=O)O[C@@](CNC(=O)C)C2)c1,0,0.3469145
Z2587996953,O(C)[C@@]1(C)[C@@](O)[C@](C)O[C@@](O[C@@]2[C@@](C)C(=O)O[C@](CC)[C@](O)(C)[C@](O)[C@@](C)C(=O)[C@](C)C[C@](O)(C)[C@](O[C@]3[C@](O)[C@@](N(C)C)C[C@@](C)O3)[C@]2C)C1,0,0.34677857
Z1521554012,S(=O)(=O)(Nc1ncccc1)c1ccc(/N=N/c2cc(C(=O)O)c(O)cc2)cc1,0,0.34650004
Z1501485370,O=C(N[C@@](CC(C)C)c1c(N2CCCCC2)cccc1)Cc1cc(OCC)c(C(=O)O)cc1,0,0.34512362
Z2183947556,SC[C@](NC(=O)CC[C@](N)C(=O)O)C(=O)NCC(=O)O,0,0.34244955
Z56922173,SC1=NC(CCC)=CC(=O)N1,0,0.34212095
Z1592690523,Fc1ccc(C(=O)CCCN2CC=C(N3C(=O)Nc4c3cccc4)CC2)cc1,0,0.34153345
Z234895185,O=C(OC)Nc1[nH]c2c(n1)ccc(C(=O)c1ccccc1)c2,0,0.34142554
Z1537603096,O=C(OCc1ncccc1)C(C)c1ccc(CC(C)C)cc1,0,0.34075704
Z2044793215,O=C(NNCc1ccccc1)c1noc(C)c1,0,0.34075126
Z1828098700,FC(F)(F)c1c(CN2CCN(C)CC2)ccc(NC(=O)c2cc(C#Cc3n4N=CC=Cc4nc3)c(C)cc2)c1,0,0.33877394
Z756440046,O=C(O)[C@@](N)Cc1ccc(O)cc1,0,0.33824354
Z57127464,Oc1c(C(C)C)ccc(C)c1,0,0.33462152
Z104496566,Oc1c(C)ccc(C(C)C)c1,0,0.33419162
Z138288808,Fc1ccc(C(=O)CCCN2CCC(C)CC2)cc1,0,0.3324777
Z381346304,O=C(O)c1c(NCCc2ccccc2)cccc1,0,0.33139
Z1521553982,O=C(O)[C@@](NC(=O)c1ccc(N(Cc2nc3c(N)nc(N)nc3nc2)C)cc1)CCC(=O)O,0,0.32977283
Z2512157889,Clc1c(C#N)ccc(-c2nn(C[C@@](NC(=O)c3n[nH]c(C(O)C)c3)C)cc2)c1,0,0.3279327
Z275128596,Nc1c(-c2ccccc2)nc2c(N)nc(N)nc2n1,0,0.32706997
Z1741982549,O=C(O)[C@@]1[C@@](O)C[C@]2(O)O[C@]1C[C@@](O[C@]1[C@@](O)[C@@](N)[C@](O)[C@@](C)O1)C=C/C=C/C=C/C=C/C=C/C=C/C=C/[C@](C)[C@@](O)[C@@](C)[C@](C)OC(=O)C[C@](O)C[C@](O)CC[C@@](O)[C@](O)C[C@](O)C2,0,0.32612884
Z2235811359,O=C(Nc1c(C)cccc1C)[C@]1N(CCC)CCCC1,0,0.32558155
Z57127446,O=C(O)c1ccc(N)cc1,0,0.32376087
Z432085130,S(=O)(=O)(N1CCNCCC1)c1c2c(cncc2)ccc1,0,0.3227897
Z56926518,Oc1c2ncccc2ccc1,0,0.3225581
Z68590124,O=C(N)c1c(O)cccc1,0,0.32205632
Z2242128693,O=C(Nc1c(C)cccc1C)[C@]1N(CCCC)CCCC1,0,0.321801
Z1557492145,Fc1ccc([C@]2[C@](COc3cc4OCOc4cc3)CNCC2)cc1.Cl,0,0.32061836
Z2037280076,S(=O)(=O)(NC(C)(C)C)c1cc(Nc2c(C)cnc(Nc3ccc(OCCN4CCCC4)cc3)n2)ccc1,0,0.32000586
Z2235801862,O=C(N[C@](C[C@](O)[C@@](NC(=O)COc1c(C)cccc1C)Cc1ccccc1)Cc1ccccc1)[C@](C(C)C)N1C(=O)NCCC1,0,0.31688476
Z3244598618,S(=O)(=O)(O)O.O=C(N[C@](C(=O)N[C@@]1C(=O)N[C@](CCN)C(=O)N[C@](Cc2ccccc2)C(=O)N[C@@](CC(C)C)C(=O)N[C@@](CCN)C(=O)N[C@@](CCN)C(=O)N[C@@]([C@](O)C)C(=O)NCC1)CCN)[C@@](NC(=O)[C@@](NC(=O)CCCCC(CC)C)CCN)[C@](O)C,0,0.31638274
Z1545310764,S(=O)(=O)(C)c1cc(C(=O)NCCN(CC)CC)c(OC)cc1,0,0.31546363
Z3675381442,S(=O)(=O)(NC(=O)c1c(N2C(C)(C)C[C@](C)C2)nc(-n2nc(OCC(C(F)(F)F)(C)C)cc2)cc1)c1c(C)nn(C)c1,0,0.315089
Z1255431202,S[C@](C(=O)O)[C@@](S)C(=O)O,0,0.31376225
Z335430322,S(=O)(=O)(/N=C/1\C(C)=C(C)NO\1)c1ccc(N)cc1,0,0.3125035
Z221101674,O=C(NCCN(C(C)C)C(C)C)CN1C(=O)CCC1,0,0.31194675
Z2037279770,S(=O)(=O)(C)c1ccc(C2=C(c3ccccc3)C(=O)OC2)cc1,0,0.30953714
Z802864938,Clc1c(C(=O)OCCN(CC)CC)ccc(N)c1,0,0.30925372
Z2065671185,Fc1cc2C(=O)C(C(=O)O)=CN3C(C)CCc(c23)c1,0,0.30791414
Z56347248,Clc1c(S(=O)(=O)N)cc2S(=O)(=O)NCNc2c1,0,0.30781475
Z1501485364,O=C1C(Cn2c(C)ncc2)CCc2n(C)c3c(c12)cccc3,0,0.30438378
Z372953774,N(Cc1occc1)c1ncnc2nc[nH]c12,0,0.3039128
Z1544404495,Fc1c(N2CCNCC2)nc2N(CC)C=C(C(=O)O)C(=O)c2c1,0,0.30332196
Z1172269406,O=C(N1CCN(c2nc(N)c3c(n2)cc(OC)c(OC)c3)CC1)C1OCCC1,0,0.3017024
Z1532717444,Fc1c(Cn2nnc(C(=O)N)c2)c(F)ccc1,0,0.3016162
Z1172912933,O=C(CCC)N1CCN(c2nc(N)c3c(n2)cc(OC)c(OC)c3)CCC1,0,0.29958028
Z2301287926,OC(CNC(C)(C)C)c1cc(CO)c(O)cc1,0,0.29921365
Z50145861,O=C1N(c2ccccc2)N=C(C)C1,0,0.29818395
Z1541759903,OC1=C(C#N)C[C@@]2(C)[C@@]3(O[C@]13)CC[C@]1[C@]3[C@@](C)([C@@](O)CC3)CC[C@]21,0,0.29801416
Z732250592,O=C(CC(c1ccccc1)C=1C(=O)Oc2c(C=1O)cccc2)C,0,0.2954707
Z68563450,O=C(Nc1c(C)cccc1C)CN1CCN(CC(O)COc2c(OC)cccc2)CC1,0,0.2946564
Z1552195936,S(=O)(=O)(NC(=O)NC1CCCCC1)c1ccc(C(=O)C)cc1,0,0.29423088
Z2301684748,S(=O)(=O)(N(C[C@@](O)[C@@](NC(=O)O[C@@]1[C@]2[C@@](OC1)OCC2)Cc1ccccc1)CC(C)C)c1ccc(N)cc1,0,0.29391867
Z1552187007,O=C([O-])C(C)c1cc(Oc2ccccc2)ccc1.O=C([O-])C(C)c1cc(Oc2ccccc2)ccc1.[Ca+2].O.O,0,0.29326832
Z99599540,O=C(O)CCC(=O)c1ccc(-c2ccccc2)cc1,0,0.29303762
Z1258938406,S(=O)(=O)(N)c1ccc(-n2c(-c3ccc(C)cc3)cc(C(F)(F)F)n2)cc1,0,0.29097936
Z56933707,Fc1c(N2CCNCC2)cc2N(C3CC3)C=C(C(=O)O)C(=O)c2c1,0,0.29019284
Z118438370,N=C(N)N1Cc2c(cccc2)CC1.I,0,0.28930998
Z85923151,S(=O)(=O)(N)c1ccc(CN)cc1,0,0.289082
Z56869297,O=C1N(N(C)C(C)=C1)c1ccccc1,0,0.28870517
Z2216898922,O(C)C=1C(=O)C(CCCCCCCCCCO)=C(C)C(=O)C=1OC,0,0.28795785
Z57202572,S(=O)(=O)(NC(=O)C)c1ccc(N)cc1,0,0.2850921
Z1546616201,O(CC[N+](CC)(CC)CC)c1c(OCC[N+](CC)(CC)CC)cccc1OCC[N+](CC)(CC)CC.[I-].[I-].[I-],0,0.28486842
Z56813244,O=C1NNC(=O)c2c1c(N)ccc2,0,0.28372702
Z2242006187,O=C1[C@@]2(O)[C@](C)C[C@](OC)[C@@]([C@@](OC)C[C@@](C)C/C(/C)=C/[C@@](CC=C)C(=O)C[C@](O)[C@@](C)[C@@](/C(=C/[C@]3C[C@@](OC)[C@](O)CC3)/C)OC(=O)[C@]3N(C1=O)CCCC3)O2,0,0.2835176
Z1501480416,Clc1c(S(=O)(=O)N)cc2S(=O)(=O)NC=Nc2c1,0,0.28339466
Z2756516861,C(c1c(C)c(C)ccc1)c1nc[nH]c1.Cl,0,0.28285962
Z2271075295,Fc1ccc(C(=O)CCCN2CCC(N3C(=O)Nc4c3cccc4)CC2)cc1,0,0.28125304
Z1741976872,O=C(CNC12CC3(O)C[C@](C1)C[C@@](C3)C2)N1[C@](C#N)CCC1,0,0.28038162
Z608353986,O=C(OCC)CCC(=O)O[C@]1[C@](O[C@]2[C@@](O)(C)C[C@@](C)C(=O)[C@](C)[C@@](O)[C@@](O)(C)[C@@](CC)OC(=O)[C@](C)[C@@](O[C@@]3O[C@@](C)[C@](O)[C@@](OC)(C)C3)[C@@]2C)O[C@](C)C[C@@]1N(C)C,0,0.27855125
Z756440050,S(CC[C@](N)C(=O)O)C,0,0.27801803
Z276508890,S(=O)(=O)(OCCCCOS(=O)(=O)C)C,0,0.27635503
Z1222399234,S(CC(=O)O)C[C@](N)C(=O)O,0,0.2747261
Z2074910255,Clc1ccc(CC2=NN(C(=O)c3c2cccc3)C2CCN(C)CCC2)cc1.Cl,0,0.2741496
Z1590783391,Fc1c(N2C[C@@](C)N[C@@](C)C2)c(F)c2N(C3CC3)C=C(C(=O)O)C(=O)c2c1N,0,0.27344897
Z1554103331,O=C(N1CC(=O)N2C(c3c(cccc3)CC2)C1)C1CCCCC1,0,0.27270013
Z53037954,S(=O)(=O)(N(CCC)CCC)c1ccc(C(=O)O)cc1,0,0.2718297
Z2312626081,S(C[C@](N)C(=O)O)CCCC/C=C(/NC(=O)[C@@]1C(C)(C)C1)\C(=O)O,0,0.2717578
Z104472626,S(=O)(=O)(Nc1ncccn1)c1ccc(N)cc1,0,0.27121192
Z1551900491,S(=O)(=O)(N(C[C@@](O)[C@@](NC(=O)O[C@@]1COCC1)Cc1ccccc1)CC(C)C)c1ccc(N)cc1,0,0.2702045
Z2050011174,Brc1c(C[N+](CC)(C)C)cccc1.S(=O)(=O)([O-])c1ccc(C)cc1,0,0.26996192
Z2242061948,C(C)(C)(C)c1cc(C)c(CC2=NCCN2)c(C)c1.Cl,0,0.2698232
Z2312273468,O=C(O)/C=C(/C=C/C=C(/C=C/c1c(C)c(C)c(OC)cc1C)\C)\C,0,0.26527438
Z905162656,O=C1C(N2C(=O)c3c(C2=O)cccc3)CCC(=O)N1,0,0.264173
Z276115700,O=C1C(c2ccccc2)C(=O)c2c1cccc2,0,0.26383084
Z56763920,S(=O)(=O)(Nc1nc(OC)nc(OC)c1)c1ccc(N)cc1,0,0.2631433
Z1515385080,S(=O)(=O)(Nc1c(OC)c(OC)ncn1)c1ccc(N)cc1,0,0.2624611
Z1511483974,S(=O)(=O)(Nc1ncc(OC)cn1)c1ccc(N)cc1,0,0.26105165
Z1880962282,O=C(N[C@@]1C(=O)N2C(C(=O)O)=C(C)CS[C@]12)[C@](N)c1ccccc1,0,0.2606833
Z2216900850,Nc1c2c(C(c3ccccc3)CN(C)C2)ccc1,0,0.26049846
Z277559098,S(=O)(=O)(Nc1c(OC)nccn1)c1ccc(N)cc1,0,0.26048806
Z56785257,S(=O)(=O)(NC(=O)NC1CCCCC1)c1ccc(CCN2C(=O)C(C)(C)c3c(C2=O)cc(OC)cc3)cc1,0,0.2602808
Z56922127,FC(F)(F)c1cc(Nc2c(C(=O)O)cccn2)ccc1,0,0.26022628
Z2235801970,O=C1N(Cc2nc(C)c3c(n2)cccc3)C(=O)c2n(CC#CC)c(N3C[C@](N)CCC3)nc2N1C,0,0.25907132
Z1509139960,O=C1C(CC)(c2ccccc2)C(=O)NCN1,0,0.2555782
Z2574927435,S(=O)(=O)(O)O.N=C(NC(=N)N)N,0,0.25489333
Z1511495258,S(=O)(=O)(OC[C@]12OC(C)(C)O[C@]1[C@@]1OC(C)(C)O[C@@]1CO2)N,0,0.25476795
Z1172207721,FC(F)(F)c1cc([N+](=O)[O-])c(C(=O)C2C(=O)CCCC2=O)cc1,0,0.25473115
Z1515385076,O(C)[C@@]1(C)[C@](O[C@]2[C@](O)[C@@](N(C)C)C[C@@](C)O2)[C@@](C)[C@](O[C@@]2O[C@@](C)[C@](O)[C@@](OC)(C)C2)[C@@](C)C(=O)O[C@](CC)[C@](O)(C)[C@](O)[C@@](C)C(=O)[C@](C)C1,0,0.2535086
Z1889837352,C(N1CCNCCCNCCNCCC1)c1ccc(CN2CCNCCCNCCNCCC2)cc1,0,0.2534557
Z2037280227,O=C(Nc1nn2C(c3ccc(CN4CCS(=O)(=O)CC4)cc3)=CC=Cc2n1)C1CC1,0,0.2528716
Z1431321925,O=C(NC1C=2C(c3c(OC)c(OC)c(OC)cc3CC1)=CC=C(OC)C(=O)C=2)C,0,0.25286612
Z756430564,O=C(O)[C@@](N)C(C)C,0,0.25285396
Z2037279821,Clc1c(Cl)cc(S(=O)(=O)N)cc1S(=O)(=O)N,0,0.25142112
Z57126994,O=C(OCCCC)c1ccc(N)cc1,0,0.25099173
Z248489432,S(=O)(=O)(O)CCN,0,0.25072888
Z56946051,O=C(Nc1ccc(O)cc1)C,0,0.24980864
Z85888809,O=C(NCCCC(=O)O)C(C)(C)C,0,0.24834514
Z56791687,S(=O)(=O)(Nc1nc(C)cc(C)n1)c1ccc(N)cc1,0,0.24815556
Z56761309,Fc1c(N2CCN(C)CC2)c2OCC(C)N3c2c(C(=O)C(C(=O)O)=C3)c1,0,0.24732275
Z1546621742,O=C(OC(C)(C)C)N[C@]([C@@](O)C(=O)O[C@@]1C(C)=C2C(C)(C)[C@](O)([C@@](OC(=O)c3ccccc3)[C@]3[C@](C)(C(=O)[C@@]2O)[C@@](O)C[C@@]2[C@@]3(OC(=O)C)CO2)C1)c1ccccc1,0,0.246621
Z1824566854,Fc1c(N2CC(C)NCC2)c(OC)c2N(C3CC3)C=C(C(=O)O)C(=O)c2c1,0,0.24660638
Z756442196,O=C(O)[C@@](NC(=O)C)Cc1ccc(O)cc1,0,0.24487022
Z2065671138,O=C(O)C=1C(=O)c2c(N(CC)N=1)cc1OCOc1c2,0,0.2437532
Z84655412,S(=O)(=O)(N)c1cc(C(=O)NCC2N(CC)CCC2)c(OC)cc1,0,0.24255024
Z1501485366,O=C(O[C@@]1C(C)=C2C(C)(C)[C@](O)([C@@](OC(=O)c3ccccc3)[C@]3[C@](C)(C(=O)[C@@]2OC(=O)C)[C@@](O)C[C@@]2[C@@]3(OC(=O)C)CO2)C1)[C@](O)[C@@](NC(=O)c1ccccc1)c1ccccc1,0,0.24171832
Z1269642575,O=C1C(N2C(=O)c3c(N)cccc3C2=O)CCC(=O)N1,0,0.24062023
Z2216887959,O=C1N=C2N(C[C@](O)[C@](O)[C@](O)CO)c3c(N=C2C(=O)N1)cc(C)c(C)c3,0,0.24004102
Z2037281108,O=C(NCC[C@]1c2c3c(OCC3)ccc2CC1)CC,0,0.23967248
Z2235801883,Clc1c(Cc2ccc(OCC)cc2)cc([C@]2[C@](O)[C@@](O)[C@](O)[C@@](CO)O2)cc1,0,0.2384597
Z1541758727,S(=O)(=O)(N)c1c(Oc2ccccc2)c(NCCCC)cc(C(=O)O)c1,0,0.23819734
Z2235801830,Clc1c(C(F)(F)F)cc(NC(=O)Nc2c(F)cc(Oc3cc(C(=O)NC)ncc3)cc2)cc1,0,0.23731348
Z1182332248,Clc1ccc(C(N2CCN(Cc3cc(C)ccc3)CC2)c2ccccc2)cc1.Cl.Cl,0,0.23677899
Z1258932192,O=C(OC)N[C@](C(=O)NN(C[C@](O)[C@@](NC(=O)[C@@](NC(=O)OC)C(C)(C)C)Cc1ccccc1)Cc1ccc(-c2ncccc2)cc1)C(C)(C)C,0,0.23551856
Z1521553473,O=C1Nc2c(C)ccnc2N(C2CC2)c2ncccc12,0,0.2350282
Z1837762189,S(=O)(=O)(C[C@@](N1C(=O)c2c(NC(=O)C)cccc2C1=O)c1cc(OCC)c(OC)cc1)C,0,0.23461881
Z54953371,O=C(N)c1c(OCC)cccc1,0,0.2332938
Z2587996508,O=C(N[C@@]1C(=O)N2C(C(=O)O)=C(C)CS[C@]12)[C@](N)c1ccc(O)cc1,0,0.23319526
Z56851240,S(=O)(=O)(N)c1ccc(N)cc1,0,0.23222592
Z54178706,O=C(OCC)c1ccc(N)cc1,0,0.23206434
Z1563146038,O=C(O)[C@]1C(C)(C)S(=O)(=O)[C@]2N1C(=O)C2,0,0.23171414
Z1603854590,O=C(N[C@@]1C(=O)N2[C@@](C(=O)O)C(C)(C)S[C@]12)[C@](N)c1ccccc1,0,0.23080145
Z1541638525,S(=O)(=O)(N)c1c(C)ccc(Nc2nc(N(C)c3cc4nn(C)c(C)c4cc3)ccn2)c1,0,0.23049198
Z1198150288,O=C1C(N)=CC(c2ccncc2)=CN1,0,0.22970696
Z2235802036,O=C([C@@](N)C12CC3(O)CC(C1)CC(C3)C2)N1[C@](C#N)C[C@]2[C@@]1C2,0,0.22963649
Z57102382,Oc1ccc(CC(N)C)cc1,0,0.22781743
Z1501480422,Clc1c(OCc2cc(F)ccc2)ccc(Nc2ncnc3c2cc(-c2oc(CNCCS(=O)(=O)C)cc2)cc3)c1,0,0.22635858
Z252849348,O=C(OCCN(CC)CC)C1(c2ccccc2)CCCC1,0,0.22573633
Z199040762,Clc1c(C2C(C(=O)OCC)=C(COCCN)NC(C)=C2C(=O)OC)cccc1.S(=O)(=O)(O)c1ccccc1,0,0.2246506
Z2768168341,N([C@@](Cc1ccccc1)C)(CC#C)C.Cl,0,0.22426185
Z1501485359,O=C1[C@](O)(CC)C2=C(C(=O)N3C(c4nc5c(c(CN(C)C)c(O)cc5)cc4C3)=C2)CO1,0,0.22245894
Z2953646389,O=C([O-])[C@](NC(=O)c1ccc(CCc2c3C(=O)NC(N)=Nc3[nH]c2)cc1)CCC(=O)[O-].[Na+].[Na+],0,0.22202925
Z360145318,O=C1N(C)C(=O)CC1c1ccccc1,0,0.22165999
Z1515385074,O=C1C(N2C(=O)c3c(c(N)ccc3)C2)CCC(=O)N1,0,0.22141798
Z275127478,O=C(N1CCN(c2nc(N)c3c(n2)cc(OC)c(OC)c3)CC1)c1occc1,0,0.22092284
Z1954804578,S(=O)(=O)(Nc1nc(C)ccn1)c1ccc(N)cc1,0,0.22038691
Z800191876,O=C1C(CC)(c2ccc(N)cc2)CCC(=O)N1,0,0.21992822
Z56854345,O=C(O)CCNC(=O)c1ccccc1,0,0.21988082
Z51093246,Clc1ccc(OC(C(=O)OCCn2c3C(=O)N(C)C(=O)N(C)c3nc2)(C)C)cc1,0,0.21964969
Z2242062173,O=C(O)[C@@](NC(=O)[C@@](O)[C@](N)Cc1ccccc1)CC(C)C,0,0.21960843
Z1546616205,S(=O)(=O)(NC(=O)c1cc(OC)c(Cc2c3c(n(C)c2)ccc(NC(=O)OC2CCCC2)c3)cc1)c1c(C)cccc1,0,0.21937494
Z104478940,O=C(O)C=1C(=O)c2c(N(CC)C=1)nc(C)cc2,0,0.21885695
Z2235802104,Clc1c(Nc2c(S(=O)(=O)C(C)C)cccc2)nc(Nc2c(OC(C)C)cc(c(C)c2)C2CCNCC2)nc1,0,0.21791528
Z2681891170,SC(C(=O)NCC(=O)O)C,0,0.21775484
Z2044782386,O=[N+](O[C@]1[C@]2OC[C@](O[N+](=O)[O-])[C@]2OC1)[O-],0,0.21712175
Z89277543,Clc1c(C(F)(F)F)cc(NC(=O)Nc2ccc(Oc3cc(C(=O)NC)ncc3)cc2)cc1,0,0.2168221
Z1541760033,O=C(Oc1cc2c(CC)c3c(nc2cc1)C=1N(C(=O)C2=C([C@@](O)(CC)C(=O)OC2)C=1)C3)N1CCC(N2CCCCC2)CC1.Cl,0,0.21576704
Z223042524,S(=O)(=O)(N)Cc1noc2c1cccc2,0,0.2155754
Z1501475009,S(=O)(=O)(NC(=O)NC1CCC(C)CC1)c1ccc(CCNC(=O)N2C(=O)C(CC)=C(C)C2)cc1,0,0.21488802
Z1269124804,SC[C@](C(=O)N1[C@](C(=O)O)CCC1)C,0,0.21370205
Z1541759910,O(C)[C@@]1[C@](C)[C@]2[C@@]34OO[C@@](C)(O[C@]3O1)CC[C@]4[C@](C)CC2,0,0.21297279
Z2235811577,S(=O)(=O)(NCCC1N(C)CCC1)c1cc(c(OCCC)cc1)C1=NC(=O)c2n(C)nc(CCC)c2N1,0,0.21197785
Z1143441555,SC[C@](NC(=O)C)C(=O)O,0,0.21064249
Z53845223,O=C1N(CC)C(=O)NC1c1ccccc1,0,0.21026412
Z1201619320,S=P(N1CC1)(N1CC1)N1CC1,0,0.20962161
Z2568665260,O=C1[C@@]2(O)[C@](C)CC[C@](O2)C[C@](OC)/C(/C)=C\C=C\C=C\[C@@](C)C[C@@](C)C(=O)[C@](OC)[C@](O)/C(/C)=C/[C@@](C)C(=O)C[C@@]([C@@](C[C@]2C[C@@](OC)[C@](O)CC2)C)OC(=O)[C@]2N(C1=O)CCCC2,0,0.20958818
Z90122510,O=C(O)Cc1ccc(NC(=O)C)cc1,0,0.20893857
Z241910386,Fc1ccc(C(CCCN2CCC(N3C(=O)Nc4c3cccc4)CC2)c2ccc(F)cc2)cc1,0,0.2087886
Z104484866,O=C(O)CNC(=O)c1ccc(N)cc1,0,0.2086177
Z1741977125,Oc1ccc(C(CN(C)C)C2(O)CCCCC2)cc1,0,0.20851855
Z2037281001,Clc1cc(N2CCN(CCCN3C(=O)N(CCOc4ccccc4)C(CC)=N3)CC2)ccc1.Cl,0,0.20824581
Z31369389,O(CC(O)CN1CCN(c2c(OC)cccc2)CC1)c1c2c(ccc1)cccc2,0,0.20819831
Z56926638,Fc1c(N2CCNCC2)cc2N(CC)C=C(C(=O)O)C(=O)c2c1,0,0.2074805
Z231745614,Clc1c(CN2Cc3c(scc3)CC2)cccc1,0,0.20466746
Z752915492,Oc1c(C(C)C)cccc1C(C)C,0,0.2042488
Z2033589790,O[C@@]1CC=2[C@@](C)([C@@]3[C@]([C@]4[C@@](C)([C@@]([C@@](CCCC(C)C)C)CC4)CC3)CC=2)CC1,0,0.20283084
Z2511727314,O=C(Nc1noc(C)c1)C=1N(C)S(=O)(=O)c2c(C=1O)cccc2,0,0.20247845
Z1530425070,O=C1[C@]2(C)[C@]([C@]3[C@@](c4c(cc(O)cc4)CC3)CC2)CC1,0,0.20242292
Z1255390865,O=C1C(O)=C(C)N(C)C=C1,0,0.19969767
Z1575081877,S(=O)(=O)(NC(=O)NC1CCCCC1)c1ccc(CCNC(=O)c2ncc(C)nc2)cc1,0,0.1996686
Z1515381509,O=C(OCC)[C@@](N[C@](C(=O)N1[C@](C(=O)O)C[C@]2[C@@]1CCC2)C)CCc1ccccc1,0,0.19960588
Z2289798859,O=C1[C@@]2(O)[C@](C)CC[C@](O2)C[C@](OC)/C(/C)=C\C=C\C=C\[C@@](C)C[C@@](C)C(=O)[C@](OC)[C@](O)/C(/C)=C/[C@@](C)C(=O)C[C@@]([C@@](C[C@]2C[C@@](OC)[C@](OCCO)CC2)C)OC(=O)[C@]2N(C1=O)CCCC2,0,0.19947816
Z2235811518,O=C(N[C@@]1C(=O)N2C(C(=O)O)=C(C)CS[C@]12)[C@](N)C1=CCC=CC1,0,0.19913311
Z1521553474,FC=1C(N)=NC(=O)N([C@]2O[C@@](CO)SC2)C=1,0,0.19715273
Z104472374,S(=O)(=O)(c1ccc(N)cc1)c1ccc(N)cc1,0,0.1970079
Z1203577925,O=C(O)CN(C(=N)N)C,0,0.1963951
Z1509637175,O=C1N([C@]2O[C@@](CO)SC2)C=CC(N)=N1,0,0.19625136
Z2216896219,O=C(CC#N)N1C[C@](N(C)c2ncnc3[nH]ccc23)[C@](C)CC1,0,0.19578606
Z1541759222,ClCC1N(C)S(=O)(=O)c2c(N1)cc(Cl)c(S(=O)(=O)N)c2,0,0.19486131
Z53843610,O=C1N(C)C(=O)NC1(CC)c1ccccc1,0,0.19272901
Z1546616193,O=C1NC=Nc2n([C@@]3O[C@](CO)CC3)cnc12,0,0.19195841
Z2583205878,S(=O)(=O)(Nc1ccc(C(O)CCCN(CCCCCCC)CC)cc1)C.S(=O)(=O)(Nc1ccc(C(O)CCCN(CCCCCCC)CC)cc1)C.O=C(O)/C=C/C(=O)O,0,0.19178037
Z1255485274,O[C@@]([C@](O)[C@@](O)CNC)[C@](O)CO,0,0.19074148
Z1521553844,Clc1c(Cl)cccc1C1C(C(=O)OCOC(=O)CCC)=C(C)NC(C)=C1C(=O)OC,0,0.19039392
Z56922155,O=[N+]([O-])c1c2c(c(O)cc1)nccc2,0,0.18986993
Z2588038957,S(=O)(=O)(N1CCN(CC)CC1)c1cc(c(OCC)cc1)C1=NC(=O)c2c(C)nc(CCC)n2N1,0,0.18936916
Z1537048897,O=C(NCCO)C(C)c1ccc(CC(C)C)cc1,0,0.18925527
Z1741979782,O=C(O[C@@]1CC=2[C@@](C)([C@@]3[C@]([C@]4[C@@](C)(C(c5cnccc5)=CC4)CC3)CC=2)CC1)C,0,0.1882671
Z1541758605,O=C(O)c1n(Cc2ccc(-c3c(-c4[nH]nnn4)cccc3)cc2)c(CCC)nc1C(O)(C)C,0,0.18772161
Z104479700,O=C(O)CCCCCCCCC=C,0,0.18762092
Z2315575190,OC/C=C(/CC/C=C(\C)/C)\C,0,0.18720762
Z2315575694,O=C(O)CC/C(=C/Cc1c(OC)c(C)c2c(c1O)C(=O)OC2)/C,0,0.186711
Z1562203528,ClC(Cl)C1NS(=O)(=O)c2c(N1)cc(Cl)c(S(=O)(=O)N)c2,0,0.18580376
Z802671522,O=C1C(CN2CCOCC2)CCc2[nH]c(C)c(CC)c12,0,0.18578021
Z1066276474,O=C(O)[C@@](N)CC(=O)N,0,0.18425943
Z1741982628,O=C(CCCCN1C(=O)N(C)c2ncn(C)c2C1=O)C,0,0.18374243
Z2242164637,S(CC1=C(C(=O)O)N2C(=O)[C@@](NC(=O)[C@](NC(=O)N3C(=O)C(=O)N(CC)CC3)c3ccc(O)cc3)[C@]2SC1)c1n(C)nnn1,0,0.18280104
Z1544404028,O=C1C=C2[C@@]([C@@]3[C@]([C@]4[C@@](CC)([C@](O)(C#C)CC4)CC3)CC2)CC1,0,0.18232517
Z756440074,O=C(O)[C@@](N)CCC(=O)N,0,0.18201408
Z2588038976,O=C(O)CN(CC(=O)O)CCN(CC(=O)O)CC(=O)O,0,0.18191083
Z2301684603,O[C@@]1CC=2[C@@](C)([C@@]3[C@]([C@]4[C@@](C)(C(c5cnccc5)=CC4)CC3)CC=2)CC1,0,0.18139979
Z649373426,O=C1N(C)C(=O)CC1(C)c1ccccc1,0,0.18103074
Z1501485368,O(CCCCc1n(C2CCCCC2)nnn1)c1cc2c(NC(=O)CC2)cc1,0,0.18082389
Z1269171738,O=C(Oc1c[n+](C)ccc1)N(C)C.[Br-],0,0.17979337
Z362014242,N12CN3CN(C1)CN(C3)C2,0,0.17921276
Z1501480413,S(=O)(=O)(N1CCN(C)CC1)c1cc(c(OCC)cc1)C1=NC(=O)c2n(C)nc(CCC)c2N1,0,0.17799543
Z1546616194,P(=O)(O)(O)CO[C@@](Cn1c2ncnc(N)c2nc1)C,0,0.17635751
Z2379810087,O[C@@]1[C@](C)C2[C@@]34OOC(C)(O[C@]3O1)CC[C@]4[C@](C)CC2,0,0.17563377
Z2756516768,Clc1cc2C(N3CCN(C)CC3)=Nc3c(Oc2cc1)cccc3.O=C(O)CCC(=O)O,0,0.17556985
Z1201621875,FC1=C(N)NC(=O)N=C1,0,0.1751487
Z2235801899,Clc1c(NC(=O)NC2CC2)ccc(Oc2c3c(ncc2)cc(OC)c(C(=O)N)c3)c1,0,0.17411995
Z1521553721,Oc1cc2c(cc1)[C@@]1[C@]([C@]3[C@@](C)([C@](O)(C#C)CC3)CC1)CC2,0,0.17343852
Z995084132,O=C(O)[C@@](N)CC(=O)O,0,0.17309648
Z1509504366,O=C1N(O)C(C2CCCCC2)=CC(C)=C1,0,0.17261437
Z1511499171,O=C1N([C@]2[C@@](O)[C@](O)[C@@](CO)O2)C=CC(N)=N1,0,0.17232276
Z106952910,O(CC1OC(=O)NC1)c1cc(C)cc(C)c1,0,0.17146392
Z275128584,Clc1c(S(=O)(=O)N)cc(C(=O)O)c(NCc2occc2)c1,0,0.17129871
Z2037279473,Clc1ccc(NC=2/C(=N/C(C)C)/C=C3N(c4ccc(Cl)cc4)c4c(N=C3C=2)cccc4)cc1,0,0.17065221
Z104499156,O=C(CC)c1ccc(O)cc1,0,0.17030951
Z1201620684,O=C(N)c1ncn2C(=O)N(C)N=Nc12,0,0.16803098
Z164707762,FC(F)(F)Oc1cc2sc(N)nc2cc1,0,0.1678922
Z1515383340,O=C1N([C@]2[C@](O)[C@](O)[C@@](CO)O2)C=NC(N)=N1,0,0.16757841
Z2235802079,Clc1c(Cc2ccc(O[C@@]3COCC3)cc2)cc([C@]2[C@](O)[C@@](O)[C@](O)[C@@](CO)O2)cc1,0,0.16650093
Z2587996977,O=C(N[C@@]1C(=O)N2[C@@](C(=O)O)C(C)(C)S[C@]12)[C@](NC(=O)N1C(=O)C(=O)N(CC)CC1)c1ccccc1,0,0.16538411
Z756440052,O=C(O)[C@@](N)CCC(=O)O,0,0.16512664
Z1551967334,O=C(O)c1c(-c2ccc(Cn3c(CCC)nc4c(C)cc(-c5n(C)c6c(n5)cccc6)cc34)cc2)cccc1,0,0.1641979
Z239130480,O=C(O)C(NC(=O)C)Cc1ccc(O)cc1,0,0.16366076
Z1544404943,O(C)c1c(OC)cc2c(c1)C1N(CC(CC(C)C)C(=O)C1)CC2,0,0.16358344
Z104473192,O=C(OC(COC(=O)C)COC(=O)C)C,0,0.16299073
Z2587996507,O=C(O)C(C)c1ccc(C(=O)c2sccc2)cc1,0,0.1620444
Z1515385088,S(C)[C@@]1[C@](O)[C@@](O)[C@@](O)[C@@]([C@](NC(=O)[C@]2N(C)C[C@](CCC)C2)[C@](O)C)O1,0,0.16164814
Z1269163651,OCCN1[C@](CO)[C@@](O)[C@](O)[C@@](O)C1,0,0.1614666
Z56347226,O(C)c1c(O)ccc(CC=C)c1,0,0.1614091
Z1879263740,O=C1N([C@]2[C@](O)[C@](O)[C@@](CO)O2)C=CC(N)=N1,0,0.16115434
Z99599698,O=C1NC(=O)CC(CC)(C)C1,0,0.16076574
Z104492884,S(=O)(=O)(Nc1ncccc1)c1ccc(N)cc1,0,0.16038904
Z2299468139,S=C1N=C(N)Nc2nc[nH]c12,0,0.15864465
Z1198148417,O=C1N(CCC)c2nc[nH]c2C(=O)N1,0,0.15781556
Z3234892128,S(=O)(=O)(C)c1c(C(=O)c2c(C3CC3)onc2)ccc(C(F)(F)F)c1,0,0.15721749
Z1255383207,N(c1nc(N)nc(N)n1)C1CC1,0,0.15705185
Z2379810072,O=C(O[C@@](CCCCCCCCCCC)C[C@]1[C@](CCCCCC)C(=O)O1)[C@@](NC=O)CC(C)C,0,0.15683977
Z1544404947,S(=O)(=O)(NC)Cc1cc2c(CCN(C)C)c[nH]c2cc1.O=C(O)CCC(=O)O,0,0.15674809
Z384975088,O=C1C(CC)(C)CC(=O)N1,0,0.15666828
Z239864852,Clc1c(Cl)cccc1C1C(C(=O)OCC)=C(C)NC(C)=C1C(=O)OC,0,0.15660422
Z203045518,O=C1N(C)C(=O)c2[nH]cnc2N1C,0,0.15640092
Z743362616,O=C(OCCOCCCC)c1cnccc1,0,0.15617551
Z1266873958,O=C1OC2(CN1)CCN(CCc1ccccc1)CC2,0,0.15477727
Z104486690,O=C(NC1C(=O)NC(=O)N1)N,0,0.153872
Z754931262,O=C(c1c(-c2ccc(O)cc2)sc2c1ccc(O)c2)c1ccc(OCCN2CCCCC2)cc1.Cl,0,0.15329492
Z1552192759,Clc1cc2nccc(Nc3cc(CN(CC)CC)c(O)cc3)c2cc1.Cl.Cl.O.O,0,0.15324551
Z3064247938,[P@@](=O)(OC[C@@]1[C@@](O)[C@@](O)[C@](C#N)(c2n3N=CN=C(N)c3cc2)O1)(Oc1ccccc1)N[C@](C(=O)OCC(CC)CC)C,0,0.15308508
Z1201624655,ClC=1C(O)=CC(=O)NC=1,0,0.1511721
Z756475348,FC=1C(=O)NC(=O)N([C@@]2O[C@](CO)[C@@](O)C2)C=1,0,0.15067399
Z56791867,N(CC)(CC)C=1n2ncnc2N=C(C)C=1,0,0.15027468
Z1521553991,O=C(N)Cc1ccc(OCC(O)CNC(C)C)cc1,0,0.14989576
Z274728816,O=C(Nc1ccc(OCC(O)CNC(C)C)cc1)C,0,0.14963205
Z104472524,Nc1ccc(N)cc1,0,0.14939652
Z2467077030,O=C1N([C@@]2O[C@](CO)[C@@](O)C2)C=NC(N)=N1,0,0.14847986
Z1954802504,O=C(O)CCCCCCCCCCCCC,0,0.1478247
Z1546610488,O=C1N([C@]2O[C@@](CO)[C@](O)C2)C=C(C)C(=O)N1,0,0.14777347
Z104489074,O(OC(=O)c1ccccc1)C(=O)c1ccccc1,0,0.1468198
Z2235802141,O=C(NC1CC1)C(=O)[C@@](NC(=O)[C@]1N(C(=O)[C@@](NC(=O)[C@@](NC(=O)c2nccnc2)C2CCCCC2)C(C)(C)C)C[C@]2[C@@]1CCC2)CCC,0,0.14661579
Z756430566,O=C(O)[C@@](N)Cc1ccccc1,0,0.14641483
Z275128052,FC=1C(=O)NC(=O)NC=1,0,0.14627695
Z1255381648,Fc1nc(C(=O)N)c(O)nc1,0,0.14614965
Z2901807455,O=C(O)[C@](O)[C@@](O)C(=O)[O-].O=C(O)[C@](O)[C@@](O)C(=O)[O-].C(CC[N+]1(C)CCCC1)CC[N+]1(C)CCCC1,0,0.14602643
Z373586944,O=C(NCc1cc(OC)c(O)cc1)CCCCCCCC,0,0.14588532
Z104477882,O=C(O)Cn1c2C(=O)N(C)C(=O)N(C)c2nc1,0,0.14403081
Z1521554005,O=C(OCC(COC(=O)N)c1ccccc1)N,0,0.14401433
Z1741982024,FC1(F)[C@](O)[C@@](CO)O[C@]1N1C(=O)N=C(N)C=C1,0,0.14354138
Z103710848,N(CC#C)(Cc1ccccc1)C,0,0.14346062
Z1557501642,O(C)c1cc2c(cc1)[C@@]1[C@]([C@]3[C@@](C)([C@](O)(C#C)CC3)CC1)CC2,0,0.14287591
Z1530532755,O=C(NO)CCCCCCC(=O)Nc1ccccc1,0,0.14216678
Z1255434759,O=C1[C@@]2(C)C(C)(C)[C@@](C1)CC2,0,0.14132485
Z1530425068,O=C1N([C@@]2O[C@](CO)C=C2)C=C(C)C(=O)N1,0,0.1403816
Z594284200,O(C(CO)CO)Cn1c2NC(N)=NC(=O)c2nc1,0,0.14005686
Z104473900,O=C(N)N,0,0.13875853
Z351640822,S(CCN1CCOCC1)c1[nH]c2c(n1)ccc(OCC)c2,0,0.13855752
Z1203159860,O=C1N2C(=CC=C1)[C@]1CNC[C@@](C2)C1,0,0.13815205
Z1544404498,S(C(Sc1cc(C(C)(C)C)c(O)c(C(C)(C)C)c1)(C)C)c1cc(C(C)(C)C)c(O)c(C(C)(C)C)c1,0,0.1381419
Z1521553843,Oc1cc2c(cc1)[C@@]1[C@]([C@]3[C@@](C)([C@@](O)CC3)CC1)CC2,0,0.13746588
Z1575271347,S(=O)(=O)(N)c1c(C(F)(F)F)cc2NCNS(=O)(=O)c2c1,0,0.13735132
Z2568644345,O=C1C(C/C=C(/CCC[C@@](CCC[C@@](CCCC(C)C)C)C)\C)=C(C)C(=O)c2c1cccc2,0,0.13611753
Z1501480412,O=C1C(C#N)=CC(c2ccncc2)=C(C)N1,0,0.13609834
Z104508106,FC=1C(=O)NC(=O)N(C2OCCC2)C=1,0,0.13463573
Z56784896,Clc1ccc(C(=O)n2c(C)c(CC(=O)O)c3c2ccc(OC)c3)cc1,0,0.13427049
Z1546610471,O(CCO)Cn1c2NC(N)=NC(=O)c2nc1,0,0.133975
Z1255379534,O=C(N)CN1C(=O)C[C@@](O)C1,0,0.1334236
Z756391526,O=C(O)C(CCC)CCC,0,0.13325083
Z2235801892,O=C(C)[C@@]1[C@]2(C)[C@]([C@]3[C@@]([C@]4(C)C(=CC3)C[C@@](O)CC4)CC2)CC1,0,0.13276331
Z1515385085,Clc1ccc(-c2c(N)nc(N)nc2CC)cc1,0,0.13275054
Z2685925293,N(C)C1(C)C(C)(C)C2CC1CC2.Cl,0,0.13273597
Z756468010,O=C(N[C@](C(=O)O)CCC(=O)O)N,0,0.13231218
Z2108698963,S(=O)(=O)(CC(O)(C(=O)Nc1cc(C(F)(F)F)c(C#N)cc1)C)c1ccc(F)cc1,0,0.13221079
Z1552153009,ClCCN(CCCl)c1ccc(CCCC(=O)O)cc1,0,0.13181297
Z2025569265,O=C1NC(N)=Nc2n(CCC(CO)CO)cnc12,0,0.13128193
Z1514053266,O=C(O)[C@](NC(=O)C1CCC(C(C)C)CC1)Cc1ccccc1,0,0.13036795
Z1255438640,O[C@]1[C@](C(C)C)CC[C@@](C)C1,0,0.13001046
Z1546624231,O=C(OCCOCn1c2N=C(N)NC(=O)c2nc1)[C@@](N)C(C)C.Cl,0,0.1292555
Z56865289,O=C(N)CN1C(=O)CCC1,0,0.12894846
Z1530532758,O=C(O)C(C)c1cc(C(=O)c2ccccc2)ccc1,0,0.12872912
Z1544404499,O=C1Oc2c(C)c3oc(C)cc3cc2C(C)=C1,0,0.12763368
Z1541632803,Clc1c(N)nc(N)c(C(=O)NC(=N)N)n1.Cl.O.O,0,0.12737128
Z1255431434,O=C(O)CCC(N)C=C,0,0.12686148
Z3245419176,C(N1CCN(C)CC1)(c1ccccc1)c1ccccc1.Cl,0,0.12653625
Z2242151306,O=C(NCCO)CCCCCCCCCCCCCCC,0,0.12605298
Z104500108,O=C(/C=C/c1cc(OC)c(O)cc1)CC(=O)/C=C/c1cc(OC)c(O)cc1,0,0.12601139
Z2289798098,O=C([O-])C[N+](C)(C)C,0,0.12496773
Z1501480421,FC=1C(NC(=O)OCCCCC)=NC(=O)N([C@]2[C@](O)[C@](O)[C@@](C)O2)C=1,0,0.12460891
Z813019058,O=C(O)[C@@](N)[C@](O)C,0,0.12382838
Z316101664,O=C(OCC)N1C(C(=O)O)CSC1,0,0.12347344
Z104485030,Clc1c(C)cc(O)c(C(C)C)c1,0,0.1229022
Z234896463,O=C(O)C(O)(CC(=O)O)CC(=O)O.O(C(c1c(C)cccc1)c1ccccc1)CCN(C)C,0,0.12276026
Z2756516761,Clc1cc2N(CCCN(C)C)c3c(cccc3)CCc2cc1.Cl,0,0.121785775
Z1501485353,O=C(C)[C@@]1[C@]2(C)[C@]([C@]3[C@@]([C@]4(C)C(=CC(=O)CC4)CC3)CC2)CC1,0,0.12174399
Z56889474,O=C1NC(=O)C=CN1,0,0.12112754
Z1550648753,O=C1N([C@@]2O[C@](CO)CC2)C=CC(N)=N1,0,0.121004686
Z2768168188,O=C([O-])[C@](O)[C@@](O)[C@](O)[C@](O)CO.O=C([O-])[C@](O)[C@@](O)[C@](O)[C@](O)CO.[Ca+2],0,0.119344056
Z1269240018,ClCC(O)Cn1c(C)ncc1[N+](=O)[O-],0,0.11889904
Z2146566713,O=C(Nc1c(C(C)(C)C)cc(C(C)(C)C)c(O)c1)C=1C(=O)c2c(NC=1)cccc2,0,0.118356355
Z1546624241,O=C1C2(C(=O)O[Pt](N)(N)O1)CCC2,0,0.11779929
Z1198155421,O=C1N(C)C(=O)OC1(CC)C,0,0.117520265
Z1172235745,O=C(O)CC[C@@](C)[C@@]1[C@]2(C)[C@]([C@@]3[C@](O)C[C@]4[C@@](C)([C@]3CC2)CC[C@@](O)C4)CC1,0,0.11663555
Z1201618106,O=C1N(C)C(=O)OC1(C)C,0,0.11649395
Z56347209,O=C1N(C)c2ncn(C)c2C(=O)N1,0,0.11571727
Z754931264,O=C1N([C@@]2O[C@](CO)[C@@](N=[N+]=[N-])C2)C=C(C)C(=O)N1,0,0.11516162
Z104507896,O=C1N(C)C(=O)c2n(C)cnc2N1C,0,0.115107104
Z104477910,Clc1c(C)cc(O)cc1,0,0.11456923
Z1255435426,O=C(N)[C@](CC)N1C(=O)CCC1,0,0.114162795
Z111479786,Clc1c(CO)ccc(Cl)c1,0,0.114074625
Z1954801710,O=C(O)c1c(O)cccc1,0,0.11301967
Z1201618663,ClC(OC(F)F)C(F)(F)F,0,0.11298558
Z56871821,Nc1c2c(nc3c1cccc3)cccc2,0,0.11263215
Z104478412,O(Cc1ccccc1)c1ccc(O)cc1,0,0.11226366
Z1515376765,O=C(O)[C@@](N[C@](C(=O)N1[C@](C(=O)O)CCC1)CCCCN)CCc1ccccc1,0,0.11220952
Z1137167676,OCCN(CCO)c1nc(N2CCCCC2)c2nc(N(CCO)CCO)nc(N3CCCCC3)c2n1,0,0.111450784
Z57161790,Brc1[nH]c2C(=O)N(C)C(=O)N(C)c2n1,0,0.11141498
Z104495240,O=C(O)C(=O)C,0,0.11040458
Z1255360592,ClC(F)C(F)(F)OC(F)F,0,0.1101029
Z445987132,OC(CCCC)c1ccccc1,0,0.10966841
Z2065671220,S=C(Oc1cc2c(cc1)cccc2)N(C)c1cc(C)ccc1,0,0.109361775
Z2185279095,S(=O)(=O)([O-])c1ccccc1.S(=O)(=O)([O-])c1ccccc1.O=C(OCCCCCOC(=O)CC[N@+]1(C)[C@](Cc2cc(OC)c(OC)cc2)c2c(cc(OC)c(OC)c2)CC1)CC[N@+]1(C)[C@](Cc2cc(OC)c(OC)cc2)c2c(cc(OC)c(OC)c2)CC1,0,0.108950205
Z1546616196,S(C(=O)C)[C@]1[C@]2[C@]3[C@@](C)([C@@]4(OC(=O)CC4)CC3)CC[C@@]2[C@]2(C)C(=CC(=O)CC2)C1,0,0.10888369
Z2588039022,O=C(O)CC[C@@](C)[C@@]1[C@]2(C)[C@]([C@@]3[C@@](O)C[C@]4[C@@](C)([C@]3CC2)CC[C@@](O)C4)CC1,0,0.10867817
Z1541638524,[O-][n+]1c(N)nc(N2CCCCC2)cc1N,0,0.10825274
Z210803762,O=C(O)CCCC[C@@]1SC[C@@]2NC(=O)N[C@]12,0,0.108232096
Z104473434,Clc1ccc(O)cc1,0,0.108188
Z1544404024,O=C(OCC[N+](CC)(CC)C)C(O)(c1ccccc1)C1CCCCC1.[Br-],0,0.10674021
Z56782585,O=C(O)c1c2c(nc(-c3ccccc3)c1)cccc2,0,0.10625935
Z2178867076,[Au-](S[C@]1[C@](OC(=O)C)[C@@](OC(=O)C)[C@](OC(=O)C)[C@@](COC(=O)C)O1)[P+](CC)(CC)CC,0,0.10617228
Z285140914,O=C(NC1CNCCC1)c1cc(OC)c(OC)c(OC)c1,0,0.10509192
Z1515385087,S(=O)(=O)(NC(=O)NC(C)C)c1c(Nc2cc(C)ccc2)ccnc1,0,0.10496685
Z1501485367,O=C(C)[C@]1(O)[C@]2(C)[C@]([C@]3[C@@]([C@]4(C)C([C@@](C)C3)=CC(=O)CC4)CC2)CC1,0,0.10492835
Z87001357,Clc1ccc(N2C(C)(C)N=C(N)N=C2N)cc1.Cl,0,0.10407672
Z1416203075,O=C(O)CC[C@@](C)[C@@]1[C@@]2(C)[C@@](O)C[C@@]3[C@]4(C)[C@@](C[C@](O)CC4)CC[C@]3[C@@]2CC1,0,0.10336685
Z382721012,OCc1c(O)c(C)ncc1CO,0,0.10226174
Z398538014,O(CCc1ccc(OCC(O)CNC(C)C)cc1)C,0,0.10121938
Z1948010801,Clc1c(C(=O)Nc2c(-c3ccc(Cl)cc3)cccc2)cccn1,0,0.100982234
Z2238899644,O=C(OCC(=O)[C@]1(O)[C@]2(C)[C@]([C@]3[C@](C(=O)C2)[C@]2(C)C(=CC(=O)CC2)CC3)CC1)C,0,0.10093433
Z1696861853,S(=O)(=O)([O-])CCCNC(=O)C.S(=O)(=O)([O-])CCCNC(=O)C.[Ca+2],0,0.100272395
Z2412194967,O=C(O)CCCCCCC/C=C/CCCCCCCC,0,0.09946766
Z756390288,O=C(CO)[C@]1(O)[C@]2(C)[C@]([C@]3[C@@]([C@]4(C)C(=CC(=O)C=C4)CC3)C(=O)C2)CC1,0,0.09880422
Z1954804966,O=C1N=CNc2[nH]ncc12,0,0.09823683
Z104480436,c1(-c2ncsc2)[nH]c2c(n1)cccc2,0,0.097800985
Z56763819,S(=O)(=O)(CCn1c(C)ncc1[N+](=O)[O-])CC,0,0.097777
Z1201617125,BrC(Cl)C(F)(F)F,0,0.09766922
Z1147451717,O=C(O)[C@](O)[C@@](O)C(=O)O,0,0.097261205
Z104493598,O=C1N(C)C(=O)c2n(CCO)cnc2N1C,0,0.097015865
Z58981801,O=C(NN)c1ccncc1,0,0.09594569
Z2315575049,O(C)c1ccc(/C=C/C)cc1,0,0.095038824
Z57201291,O=C1C(O)=C(O)C(C(O)CO)O1,0,0.09487868
Z16128570,O=C(OC)c1c(O)cc(C)cc1,0,0.09455372
Z104475612,S(=O)(=O)(O)O.O=C(OC1CC2N(C)C(C1)CC2)C(CO)c1ccccc1.O=C(OC1CC2N(C)C(C1)CC2)C(CO)c1ccccc1,0,0.094516926
Z1530532760,O=C(CO)[C@]1(O)[C@]2(C)[C@]([C@]3[C@@]([C@]4(C)C(=CC(=O)C=C4)CC3)C(=O)C2)C[C@@]1C,0,0.0943462
Z1304065033,O(C)c1c(O)c(OC)cc([C@@]2c3c([C@@](O[C@]4[C@](O)[C@@](O)[C@@]5O[C@](C)OC[C@]5O4)[C@@]4[C@@]2C(=O)OC4)cc2OCOc2c3)c1,0,0.09290851
Z28251506,O=C(N1CCOCC1)c1cc(OC)c(OC)c(OC)c1,0,0.09288878
Z1269141329,ClCCN(N=O)C(=O)NCCCl,0,0.09175533
Z104473288,ClC(Cl)(Cl)C(=O)O,0,0.09159012
Z756391748,F[C@@]12[C@]3(C)C(=CC(=O)C=C3)CC[C@]1[C@]1[C@@](C)([C@@](O)(C(=O)CO)[C@](C)C1)C[C@@]2O,0,0.09155965
Z2583384655,OC([C@](C=C[C@@](C)[C@@]1[C@]2(C)[C@](/C(=C\C=C\3/C[C@@](O)C[C@](O)C/3)/CCC2)CC1)C)(C)C,0,0.09136886
Z1521553714,F[C@@]12[C@]3(C)C(=CC(=O)C=C3)CC[C@]1[C@]1[C@@](C)([C@@](O)(C(=O)CO)[C@@](C)C1)C[C@@]2O,0,0.09077926
Z1954806455,O=C(O)CC[C@@](C)[C@@]1[C@@]2(C)[C@@](O)C[C@@]3[C@]4(C)[C@](C[C@@](O)[C@]3[C@@]2CC1)C[C@](O)CC4,0,0.09046521
Z336079954,O=C(O)CC1(CN)CCCCC1,0,0.09014668
Z1695709473,O=C(O)C(C)c1ccc(CC(C)C)cc1,0,0.09005722
Z1278926502,OC(C)(C)[C@]1C[C@](O)C(C)=CC1,0,0.089003384
Z2588038940,Nc1nc2c(c3n(CC(C)C)cnc13)cccc2,0,0.08825433
Z754931258,O=C(O[C@@]1[C@@]2[C@@](CC[C@]3OC(=O)C[C@](O)C3)[C@@](C)C=CC2=C[C@](C)C1)[C@](CC)C,0,0.08780535
Z1741970429,O=C(O)C1CCC(CN)CC1,0,0.087281644
Z754918914,O=C(O[C@@]1[C@@]2[C@@](CC[C@]3OC(=O)C[C@](O)C3)[C@@](C)C=CC2=C[C@](C)C1)C(CC)(C)C,0,0.08686793
Z1198155412,O=[N+]([O-])c1n(CC(O)C)c(C)nc1,0,0.08660798
Z1508914616,O=C(O)[C@@](C)c1ccc(CC(C)C)cc1,0,0.08596388
Z1557407143,O(C)c1c(OC)ccc(C(C#N)(C(C)C)CCCN(CCc2cc(OC)c(OC)cc2)C)c1.Cl,0,0.08596355
Z104473830,Oc1ccccc1,0,0.08406814
Z778141968,O=C(CO)[C@]1(O)[C@]2(C)[C@]([C@]3[C@@]([C@]4(C)C(=CC(=O)C=C4)CC3)[C@@](O)C2)CC1,0,0.083979756
Z2177958148,O=C1C(C(CC)c2ccccc2)=C(O)c2c(O1)cccc2,0,0.08286963
Z760035162,SC[C@](N)C(=O)O,0,0.08236428
Z1521553984,O=C(OCC(O)COc1c(OC)cccc1)N,0,0.08169948
Z2239078678,O(C(c1ccccc1)c1ccccc1)CCN(C)C.Cl,0,0.081441656
Z32409934,Clc1ccc(C(=O)NCCN2CCOCC2)cc1,0,0.08142803
Z1590781983,Clc1c(Cl)c(C(=O)C(=C)CC)ccc1OCC(=O)O,0,0.08125853
Z1203577934,O=C(NO)N,0,0.08101515
Z600425184,O=C(OCC(=O)[C@]1(O)[C@]2(C)[C@]([C@]3[C@@]([C@]4(C)C(=CC(=O)CC4)CC3)[C@@](O)C2)CC1)C,0,0.08083137
Z56914861,O=C(O)CCCCCNC(=O)C,0,0.08021782
Z2044771577,O=[N+]([O-])c1n(CC(=O)NCc2ccccc2)ccn1,0,0.07973614
Z1154378309,O=C(O)[C@]1NC(=O)CC1,0,0.07947674
Z1530532754,Clc1cc2N(CCCN3CCN(CCO)CC3)c3c(Sc2cc1)cccc3,0,0.07931686
Z1530425064,O=C(CO)[C@]1(O)[C@]2(C)[C@]([C@]3[C@@]([C@]4(C)C(=CC(=O)CC4)CC3)[C@@](O)C2)CC1,0,0.07918101
Z3407753879,O=C(O)CC[C@@](C)C1[C@@]2(C)C(=O)C[C@@]3[C@]4(C)[C@](CC(=O)[C@]3[C@@]2CC1)CC(=O)CC4,0,0.0790886
Z99601262,O(C)c1c(OC)c(CN2CCNCC2)ccc1OC,0,0.07872735
Z1515383337,O(CCNCC(O)COc1c2c([nH]c3c2cccc3)ccc1)c1c(OC)cccc1,0,0.07870221
Z405702410,Clc1c(C)cc(O)cc1C,0,0.07785496
Z2724205326,S(=O)(=O)(CC)N1CC(CC#N)(n2ncc(-c3ncnc4[nH]ccc34)c2)C1,0,0.07761711
Z2235811339,Oc1c(C)c(C)c2O[C@@](CCC[C@@](CCC[C@@](CCCC(C)C)C)C)(C)CCc2c1C,0,0.07755761
Z1318255133,O=C(O)C.Oc1cc(N(CC2=NCCN2)c2ccc(C)cc2)ccc1,0,0.07709946
Z756424454,Clc1c(OC)cc(OC)c2C(=O)[C@]3(C(OC)=CC(=O)C[C@]3C)Oc12,0,0.076514795
Z57127480,O=C(O)c1ccccc1,0,0.07631051
Z2683233771,O=C([O-])[C@@](NC(=O)c1ccc(NCC2N(C=O)C=3C(=O)N=C(N)NC=3NC2)cc1)CCC(=O)[O-].[Ca+2],0,0.07582696
Z955123630,S(=O)(=O)(O)O.OC(CNC(C)C)c1cc(O)cc(O)c1.OC(CNC(C)C)c1cc(O)cc(O)c1,0,0.07481243
Z57953030,O(C)c1c(O)ccc(/C=C/C)c1,0,0.073866695
Z57036282,O=C(OC)c1cnccc1,0,0.073352545
Z732242712,Clc1c(Nc2c(C(=O)[O-])cccc2)c(Cl)ccc1C.[Na+],0,0.07300653
Z104474594,Oc1cc(O)cc(O)c1,0,0.072546355
Z385438794,Nc1c(N)ccnc1,0,0.07251537
Z1741982921,FC(F)(F)c1ccc(OC(CCNC)c2ccccc2)cc1.Cl,0,0.072414376
Z104478826,SC(C(=O)O)CC(=O)O,0,0.071945705
Z1530532759,O=C(OCC(COC(=O)C)CCn1c2nc(N)ncc2nc1)C,0,0.07152224
Z2588064174,O=C(OC)[C@]1C2[C@]3([C@]4(C)C(=CC(=O)CC4)C1)O[C@@]3C[C@]1(C)[C@@]3(OC(=O)CC3)CC[C@@]21,0,0.071514875
Z1255449978,O[C@@](CNC)c1cc(O)c(O)cc1,0,0.071352646
Z1494829512,O=C1Oc2c(cc(O[C@]3[C@](O)[C@@](O)[C@](O)[C@@](CO)O3)c(O)c2)C=C1,0,0.07121263
Z56754489,S(Sc1sc2c(n1)cccc2)c1sc2c(n1)cccc2,0,0.0704649
Z57127532,O=C(O)CCCCCCCC(=O)O,0,0.07021576
Z31382955,O(CC(O)CNCCc1cc(OC)c(OC)cc1)c1cc(C)ccc1,0,0.069812
Z104474576,Oc1cc(O)ccc1,0,0.06918977
Z57127551,Oc1ccc(O)cc1,0,0.069040425
Z1546610478,N(CCCN1c2c(cccc2)CCc2c1cccc2)(C)C.Cl,0,0.06704213
Z56755709,O=C(O)c1cnccc1,0,0.06487445
Z104473820,Oc1cc(C)ccc1,0,0.064102314
Z104473818,Oc1ccc(C)cc1,0,0.064038314
Z2379810058,OC[C@]1N(CCCC)C[C@](O)[C@@](O)[C@@]1O,0,0.06400707
Z759291658,O(C)c1c(OC)cc([C@@]2c3c([C@](O)[C@@]4[C@@]2C(=O)OC4)cc2OCOc2c3)cc1OC,0,0.06397656
Z2106607416,N(CCCN1c2c(cccc2)CCc2c1cccc2)C.Cl,0,0.06340841
Z2681891483,O=C(Oc1c(C)c(C)c2O[C@@](CCC[C@@](CCC[C@@](CCCC(C)C)C)C)(C)CCc2c1C)C,0,0.063341215
Z2037281137,FC(F)(CCCC)[C@]1(O)O[C@]2[C@@]([C@@](CCCCCCC(=O)O)C(=O)C2)CC1,0,0.06261491
Z19674820,O=C(OC)c1ccc(O)cc1,0,0.06226784
Z57160197,O=C(C(O)c1ccccc1)c1ccccc1,0,0.0621569
Z104473974,O=C(O)C(O)c1ccccc1,0,0.061542783
Z19703590,O=C(OC)c1c(O)cccc1,0,0.061369285
Z104495238,O=C(O)CCCCCCC,0,0.06080268
Z945806150,ClCCc1c(C)ncs1,0,0.05898579
Z1259021151,O=C(O)C(CCCOc1c(C)ccc(C)c1)(C)C,0,0.058984514
Z3066893590,O=C([O-])C1=NC(=O)NC(=O)N1.[K+],0,0.058094937
Z19825582,O=C(OCc1ccccc1)c1ccccc1,0,0.057455894
Z104476858,O=C(O)Cc1ccc(-c2ccccc2)cc1,0,0.057187527
Z104474028,O(C)c1c(O)cccc1,0,0.05682494
Z104474598,O(C)c1ccc(O)cc1,0,0.05671644
Z1556051334,S(=O)(=O)(O)O.OC(CNC(C)(C)C)c1cc(O)cc(O)c1.OC(CNC(C)(C)C)c1cc(O)cc(O)c1,0,0.056641012
Z104495622,OCc1cnccc1,0,0.056321844
Z57127453,O=C(O)CCC(=O)O,0,0.056303307
Z1172235461,ClN=S(=O)([O-])c1ccc(C)cc1.[Na+],0,0.055943005
Z2527624834,O(CCN(C)C)c1ccc(/C(=C(\CC)/c2ccccc2)/c2ccccc2)cc1,0,0.055720422
Z1198154206,O=C1[C@](N)CON1,0,0.054647528
Z2681892420,O(C)c1c(OC)ccc(Cc2c(N)nc(N)nc2)c1,0,0.054268006
Z104476418,OCc1ccccc1,0,0.05385983
Z90350374,O=[N+]([O-])c1c(C2C(C(=O)OC)=C(C)NC(C)=C2C(=O)OC)cccc1,0,0.05384021
Z87001124,O=[N+]([O-])c1n(CCO)c(C)nc1,0,0.053637203
Z277942268,O=[N+]([O-])c1c(C2C(C(=O)OCC(C)C)=C(C)NC(C)=C2C(=O)OC)cccc1,0,0.05356271
Z600425176,O=C(OCC[N+](C)(C)C)C.[Br-],0,0.05294408
Z57206005,O=C(Oc1ccccc1)c1c(O)cccc1,0,0.051797938
Z239859926,O=[N+]([O-])c1cc(C2C(C(=O)OCC)=C(C)NC(C)=C2C(=O)OC)ccc1,0,0.05165482
Z1255415487,C(c1ccccc1)C1=NCCN1.Cl,0,0.050892454
Z1546621741,N(CCN(Cc1ccccc1)c1ncccc1)(C)C.Cl,0,0.050835848
Z905065772,CN1CC2N(c3ncccc3Cc3c2cccc3)CC1,0,0.05080545
Z1888397835,Clc1c(Cl)ccc2N=C3N(CC(=O)N3)Cc12.Cl,0,0.05018924
Z1954805523,OCCc1c(C)[n+](Cc2c(N)nc(C)nc2)cs1.Cl.[Cl-],0,0.04988004
Z3234966609,Clc1ccc(C(OCCN2CCCCC2)c2ccccc2)cc1.Cl,0,0.049625184
Z2216885221,Clc1c(OC)cc(Nc2c(C#N)cnc3c2cc(OC)c(OCCCN2CCN(C)CC2)c3)c(Cl)c1,0,0.049386144
Z982131798,O=C(O)CC(O)(C)C,0,0.04936899
Z1546621749,O(CCOc1c(OCCOC)cc2ncnc(Nc3cc(C#C)ccc3)c2c1)C.Cl,0,0.049214125
Z754931256,ClCCN(C(COc1ccccc1)C)Cc1ccccc1.Cl,0,0.049098507
Z1515385071,O(C)c1c(OC)cc(Cc2c(N)nc(N)nc2)cc1OC,0,0.04866882
Z2235802251,ClCCN(CCCl)c1cc2nc(CCCC(=O)O)n(C)c2cc1.Cl,0,0.04836006
Z1255523427,FC(F)(F)COc1c(C(=O)NCC2NCCCC2)cc(OCC(F)(F)F)cc1.Cl,0,0.046741456
Z33546463,O=C(N)c1cnccc1,0,0.046584968
Z1521549186,O=C(O)CC1(CC)OCCc2c3c(c(CC)ccc3)[nH]c12,0,0.046421584
Z57233591,O=C1OC(c2ccc(O)cc2)(c2ccc(O)cc2)c2c1cccc2,0,0.0463874
Z57176222,O=C1C(O)=C(c2cc(O)c(O)cc2)Oc2c1c(O)cc(O)c2,0,0.044810213
Z56790573,Nc1c2c(nc3c1CCCC3)cccc2,0,0.04452237
Z1541759748,O=C(NC(C)C)c1ccc(CNNC)cc1.Cl,0,0.044498116
Z53833636,O=C(OCC)c1ccc(O)cc1,0,0.04431575
Z53833295,O=C(OCC)c1c(O)cccc1,0,0.044059392
Z104500700,O=C(c1c(O)cc(OC)cc1)c1ccccc1,0,0.043994077
Z53829207,O=[N+]([O-])c1cc(C2C(C(=O)OC(C)C)=C(C)NC(C)=C2C(=O)OCCOC)ccc1,0,0.04370413
Z57257314,OC(CCCN1CCCCC1)(c1ccccc1)c1ccccc1.Cl,0,0.042829596
Z1245537944,N1CCNCC1,0,0.042421788
Z1741977297,P(=O)(O)(O)COCCn1c2ncnc(N)c2nc1,0,0.042134255
Z291799028,O=C(OCCCC)c1ccc(O)cc1,0,0.041503455
Z1954802409,OCC[N+](C)(C)C.[Cl-],0,0.040329214
Z1197943321,Oc1c(CCCCCC)ccc(O)c1,0,0.03999219
Z1070067572,O=C(O)[C@](N)CO,0,0.039655842
Z104477706,O=C(NCCN(CC)CC)c1ccc(N)cc1.Cl,0,0.039441068
Z104498572,Nc1ncnc2[nH]cnc12,0,0.038424935
Z1255488813,Cc1cnc(-c2ncc(C)cc2)cc1,0,0.03806748
Z234895119,O=C(O)CCCc1ccccc1,0,0.03691171
Z53835171,O=C(OCCC)c1ccccc1,0,0.03623209
Z732242096,P(=O)(O)(O)O.O(C)c1cc(NC(CCCN)C)c2ncccc2c1,0,0.03596904
Z2575039413,O=Cc1c(O)c(C)ncc1CO.Cl,0,0.035310708
Z594284192,Clc1c(NC2=NCCN2)c2nsnc2cc1.Cl,0,0.03414564
Z57183224,Clc1cc2NC(=O)Oc2cc1,0,0.033142384
Z1589255958,O([C@@]1(CO)[C@@](O)[C@](O)[C@@](CO)O1)[C@@]1[C@](O)[C@@](O)[C@](O)[C@@](CO)O1,0,0.032913923
Z59181917,O=C(NO)C,0,0.03258903
Z2242067488,N[C@]1[C@](c2ccccc2)C1.Cl,0,0.03258595
Z1741979718,Clc1cc(C(=O)C(NC(C)(C)C)C)ccc1.Cl,0,0.032352354
Z104499140,Sc1sc2c(n1)cccc2,0,0.032234248
Z955123660,O=C(O)CN,0,0.032195874
Z57965636,O=[N+](OCCNC(=O)c1cnccc1)[O-],0,0.030588087
Z3041521404,O=C(OCC)COc1cc2OC(=O)C(CCN(CC)CC)=C(C)c2cc1.Cl,0,0.030221513
Z1255390571,O=C(O)CC(O)CN,0,0.030197203
Z1541662176,Clc1cc2nccc(NC(CCCN(CC)CC)C)c2cc1.P(=O)(O)(O)O.P(=O)(O)(O)O,0,0.029939685
Z1741979085,Oc1cc2c(CCN)c[nH]c2cc1.Cl,0,0.029822556
Z33546644,O=C(N)c1nccnc1,0,0.02890382
Z911465460,N=C(NCC1Oc2c(OC1)cccc2)N.Br,0,0.028800102
Z1201617823,ClC(Cl)C(F)(F)OC,0,0.02872133
Z1198149813,O[C@@]([C@](O)[C@](O)CO)[C@](O)CO,0,0.02868768
Z1269228108,O=C(O)CCCC[C@]1SSCC1,0,0.02791089
Z2680630178,Clc1ccc(C(N2CCN(CCOCCO)CC2)c2ccccc2)cc1.Cl.Cl,0,0.027469845
Z33546369,O=C(OCC)N,0,0.026735518
Z104473570,O(CCO)c1ccccc1,0,0.02659546
Z56836691,OC(CNCC)c1cc(O)ccc1,0,0.02655691
Z600419582,Cc1c[nH]nc1,0,0.026360989
Z756429958,O=C(O)[C@]1NCCC1,0,0.02579049
Z594284202,S(=O)(=O)([O-])CCS.[Na+],0,0.02578729
Z57127439,O=C(O)CCCCCN,0,0.025774943
Z3013814504,O=C(O)C1(C)Oc2c(C)c(C)c(O)c(C)c2CC1,0,0.025651649
Z57980178,N(N)c1nncc2c1cccc2.Cl,0,0.025431355
Z31370892,OC(CO)CN1CCN(c2ccccc2)CC1,0,0.025015641
Z90121066,O(CC(O)CNC(C)C)c1c2c(ccc1)cccc2.Cl,0,0.024969881
Z3207130728,P(=O)(O[C@](OC(=O)CC)C(C)C)(CC(=O)N1[C@](C(=O)O)C[C@@](C2CCCCC2)C1)CCCCc1ccccc1,0,0.024763744
Z104475620,O=C(O)CCCN,0,0.024709415
Z1201619321,O=C[C@](O)[C@@](O)[C@](O)[C@](O)CO,0,0.024052126
Z1501485369,Clc1ccc(C(=O)c2ccc(OC(C(=O)OC(C)C)(C)C)cc2)cc1,0,0.023882287
Z203045042,Sc1nc(O)cc(C)n1,0,0.02387856
Z1216815730,O[C@]1[C@]2OC[C@](O)[C@]2OC1,0,0.023823697
Z1137008901,Clc1c(Cn2nc(C(=O)O)c3c2cccc3)ccc(Cl)c1,0,0.02378743
Z1583387379,P(=O)([O-])([O-])[C@@]1[C@](C)O1.[Na+].[Na+],0,0.023166897
Z301111588,O[C@](CO)CN1CCN(c2ccccc2)CC1,0,0.02286713
Z1449775098,O=C(Nc1c(C)cccc1C)C(N)C.Cl,0,0.022846155
Z1546616204,OC(CCN1CCCCC1)(c1ccccc1)C1CCCCC1.Cl,0,0.022404173
Z995094004,Clc1ccc(OCC(O)CO)cc1,0,0.022319162
Z2106590248,Brc1c(N)c(CN(C)C2CCCCC2)cc(Br)c1.Cl,0,0.021935765
Z2569867923,O=C1c2c(O)ccc(O)c2C(=O)c2c(NCCNCCO)ccc(NCCNCCO)c12.Cl.Cl,0,0.02184714
Z2867120994,NCCc1n[nH]cc1.Cl.Cl,0,0.021655278
Z1267773750,NCCc1nc[nH]c1.Cl.Cl,0,0.021626657
Z104495272,Nc1ccncc1,0,0.021200385
Z1198723489,O[C@@](CNC)c1cc(O)ccc1,0,0.021135716
Z314598824,Sc1ncnc2[nH]cnc12,0,0.020815775
Z3182781436,[Pt](Cl)Cl.N.N,0,0.020792788
Z2037281404,S(=O)(=O)(OC)[O-].O=C(Oc1cc([N+](C)(C)C)ccc1)N(C)C,0,0.020189893
Z1741968261,N#Cc1ccc(C(n2ncnc2)c2ccc(C#N)cc2)cc1,0,0.019277222
Z1255438834,O=C[C@](O)[C@@](O)[C@](O)CO,0,0.019252343
Z1592709025,N=C(NCC1OC2(OC1)CCCCC2)N.I,0,0.018549576
Z2753379879,O(C)c1c(C(O)C(N)C)cc(OC)cc1.Cl,0,0.018273335
Z1255415511,O(CC(O)CO)c1c(OC)cccc1,0,0.018085113
Z1695759754,Clc1c(NC2=NCCN2)c(Cl)ccc1.Cl,0,0.017734397
Z53835984,Clc1ccc(OC(C(=O)OCC)(C)C)cc1,0,0.017512772
Z57727844,Clc1ccc(OC(C(=O)O)(C)C)cc1,0,0.017472895
Z1695772815,O=C(O)[C@@](C)c1cc2c(cc(OC)cc2)cc1,0,0.016779352
Z1530425063,Clc1cc2c([nH]c3c2ccc(C(C(=O)O)C)c3)cc1,0,0.016762888
Z1509558249,O(CC(O)CO)c1c(OCC)cccc1,0,0.016560601
Z104474158,O=C(O)C(O)C,0,0.015915321
Z2568587997,Oc1ccc(/C(=C(\CC)/c2ccc(O)cc2)/CC)cc1,0,0.015888356
Z2242062189,Clc1ccc(C(N2CCN(CCOCC(=O)O)CC2)c2ccccc2)cc1.Cl.Cl,0,0.01528547
Z1550675464,FC(F)C(N)(C(=O)O)CCCN.Cl.O,0,0.014815792
Z1557494602,O(C)c1ccc(C(CN(C)C)C2(O)CCCCC2)cc1.Cl,0,0.014495089
Z1198150037,CN1[C@](c2cnccc2)CCC1,0,0.014469487
Z754918916,O(C)c1c2occc2cc2c1OC(=O)C=C2,0,0.01429421
Z1255486556,O=C1C(O)=C([O-])[C@@]([C@@](O)CO)O1.[Na+],0,0.01423249
Z104474032,Oc1c(O)ccc(CCN)c1.Cl,0,0.014023195
Z991547388,O=C(O)[C@@](N)CCCN.Cl,0,0.013734244
Z1198155511,P(=O)(OCCN(C(=N)N)C)(O)O,0,0.013573458
Z1691545280,O(C)c1c(CC(NC)C)cccc1.Cl,0,0.013436482
Z106938868,OC(CO)C,0,0.013325743
Z608353988,O=C(CCc1ccccc1)c1c(OCC(O)CNCCC)cccc1.Cl,0,0.013106035
Z1365432828,S(=O)(=O)(OCCCCCCCCCCCC)[O-].[Na+],0,0.01286875
Z1416254508,OC(CNC(C)C)c1cc(O)c(O)cc1.Cl,0,0.012596609
Z1515385077,N#CC(C)(C)c1cc(C(C#N)(C)C)cc(Cn2ncnc2)c1,0,0.012033688
Z927192062,N(N)CCc1ccccc1.Cl.Cl,0,0.011684257
Z104509094,OCC(N)(CO)CO,0,0.011578213
Z812534818,O=C(O)[C@@](N)CCCCN.Cl,0,0.011452326
Z1741977143,OC(CNC)c1ccc(O)cc1.Cl,0,0.011365132
Z1521553578,O=C1Nc2c(c(CCN(CCC)CCC)ccc2)C1.Cl,0,0.011236802
Z1546616198,O=C(OCC#CCN(CC)CC)C(O)(c1ccccc1)C1CCCCC1.Cl,0,0.011035869
Z56821717,S(N1CCOCC1)c1sc2c(n1)cccc2,0,0.01100422
Z57901905,Sc1n(C)ccn1,0,0.010700359
Z104474494,SCCN.Cl,0,0.010593074
Z1255415481,O=C(OCC[N+](C)(C)C)N.[Cl-],0,0.010224851
Z1089877620,O=C1OCC1,0,0.010210298
Z104476766,O=C(OCCN(CC)CC)c1ccc(N)cc1.Cl,0,0.010129551
Z104476736,O=C(O)C(N)CCCN.Cl,0,0.009631259
Z2569257770,Clc1ccc(C(CN)CC(=O)O)cc1.Cl,0,0.009413149
Z1741966111,O=C(O)CC(CN)c1ccccc1.Cl,0,0.009264871
Z1551900340,N(CCC)[C@@]1Cc2sc(N)nc2CC1.Cl.Cl.O,0,0.00912186
Z1501485357,P(=O)(O)(O)C(P(=O)(O)O)(O)Cc1cnccc1,0,0.009067419
Z1255360409,P(F)(=O)(O)O,0,0.009060636
Z2756516968,O=C(OCCN(C)C)c1ccc(NCCCC)cc1.Cl,0,0.008958624
Z1235945951,O(CC)c1c(OCC2OCCNC2)cccc1,0,0.008569946
Z1269145833,S(P(=O)(O)O)CCNCCCN,0,0.008144461
Z2238930991,N(CCc1ncccc1)C.Cl.Cl,0,0.008114805
Z2569809969,O=C1N(CC)CC(CCN2CCOCC2)C1(c1ccccc1)c1ccccc1.Cl.O,0,0.008038049
Z1486001934,OC[C@@](NCCN[C@](CO)CC)CC.Cl.Cl,0,0.008001924
Z1269110165,[Hg](Sc1c(C(=O)[O-])cccc1)CC.[Na+],0,0.007952735
Z2660640472,P(=O)(O)(O)C(P(=O)(O)O)(O)Cn1cncc1.O,0,0.00774664
Z1741972992,O=C(O)CCC(=O)CN.Cl,0,0.007679293
Z2756516943,O(CCCC)c1ccc(OCCCN2CCOCC2)cc1.Cl,0,0.007559248
Z57281900,Clc1ccc(OCC(=O)OCCN(C)C)cc1.Cl,0,0.007545159
Z1541759495,P(=O)(O)(O)O.O=C(N[C@]1[C@](OC(CC)CC)C=C(C(=O)OCC)C[C@@]1N)C,0,0.007183177
Z1486007281,OC1C(O)C(O)C(O)C(O)C1O,0,0.007097046
Z1509470545,O=C(OCCCCCC)CCC(=O)CN.Cl,0,0.006840385
Z3015912776,O=C(OC)CCC(=O)CN.Cl,0,0.006838902
Z2289798095,O=C([O-])C(O)(CC(=O)[O-])CC(=O)[O-].[Li+].[Li+].[Li+],0,0.006617869
Z1741970251,P(=O)(OCc1c(C=O)c(O)c(C)nc1)(O)O,0,0.006465015
Z104495648,S=C([S-])N(CC)CC.[Na+].O.O.O,0,0.006420901
Z1269196032,P(=O)(O)(O)C(P(=O)(O)O)(O)CCN,0,0.004728605
Z2199621724,ClCCN(CCCl)P1(=O)OCCCN1.O,0,0.004369249
Z56771118,P(=O)(O)(O)C(P(=O)(O)O)(O)CCCN,0,0.004292082
Z1269201561,P(=O)(O)(O)C(P(=O)(O)O)(O)C,0,0.004201366
Z1521553718,P(=O)(O)(O)C(P(=O)(O)[O-])(O)CCN(CCCCC)C.[Na+].O,0,0.003715684
