mean_fit_time,std_fit_time,mean_score_time,std_score_time,param_colsample_bytree,param_learning_rate,param_max_depth,param_n_estimators,param_subsample,params,split0_test_score,split1_test_score,split2_test_score,split3_test_score,split4_test_score,mean_test_score,std_test_score,rank_test_score
0.22704553604125977,0.03437440212850368,0.008000373840332031,0.0008944158265446836,0.3,0.1,2,10,0.3,"{'colsample_bytree': 0.3, 'learning_rate': 0.1, 'max_depth': 2, 'n_estimators': 10, 'subsample': 0.3}",0.598451862602806,0.6313497822931785,0.6181026137463698,0.6147144240077445,0.6132623426911907,0.615176205068258,0.010523575531631043,84
0.21057634353637694,0.0037422303224841536,0.007599544525146484,0.0004900378104780711,0.3,0.1,2,10,0.5,"{'colsample_bytree': 0.3, 'learning_rate': 0.1, 'max_depth': 2, 'n_estimators': 10, 'subsample': 0.5}",0.5955491049830672,0.606192549588776,0.6074540174249758,0.6142303969022265,0.6142303969022265,0.6075312931602544,0.006857507146104478,95
0.27632479667663573,0.0051968500928385826,0.010704612731933594,0.005919031700966216,0.3,0.1,2,30,0.3,"{'colsample_bytree': 0.3, 'learning_rate': 0.1, 'max_depth': 2, 'n_estimators': 30, 'subsample': 0.3}",0.6337687469762942,0.6419932268988873,0.6500484027105518,0.6476282671829623,0.6369796708615683,0.6420836629260528,0.006154290489104341,63
0.27234525680541993,0.005408826631909994,0.007604217529296875,0.00048782488890897587,0.3,0.1,2,30,0.5,"{'colsample_bytree': 0.3, 'learning_rate': 0.1, 'max_depth': 2, 'n_estimators': 30, 'subsample': 0.5}",0.6250604741170779,0.633284954039671,0.653920619554695,0.6447241045498547,0.643756050338819,0.6401492405200235,0.009983773223826802,67
0.34786076545715333,0.003241065473472047,0.007404184341430664,0.0004836085326476574,0.3,0.1,2,50,0.3,"{'colsample_bytree': 0.3, 'learning_rate': 0.1, 'max_depth': 2, 'n_estimators': 50, 'subsample': 0.3}",0.6584421867440735,0.6536042573778423,0.6795740561471443,0.649080348499516,0.6466602129719264,0.6574722123481005,0.011761939760615046,48
0.3508432388305664,0.005461007338398717,0.007702970504760742,0.0005640445169210631,0.3,0.1,2,50,0.5,"{'colsample_bytree': 0.3, 'learning_rate': 0.1, 'max_depth': 2, 'n_estimators': 50, 'subsample': 0.5}",0.6579583938074504,0.6652152878567973,0.6786060019361084,0.653920619554695,0.6442400774443369,0.6599880761198775,0.011514199980770308,43
0.4234306812286377,0.002003018674240741,0.007801437377929687,0.0003973962020782313,0.3,0.1,2,70,0.3,"{'colsample_bytree': 0.3, 'learning_rate': 0.1, 'max_depth': 2, 'n_estimators': 70, 'subsample': 0.3}",0.6710208030962748,0.660377358490566,0.685866408518877,0.6665053242981607,0.6621490803484995,0.6691837949504758,0.009120295303216197,38
0.42820725440979,0.0064245011263725236,0.00795760154724121,8.458620787296117e-05,0.3,0.1,2,70,0.5,"{'colsample_bytree': 0.3, 'learning_rate': 0.1, 'max_depth': 2, 'n_estimators': 70, 'subsample': 0.5}",0.6681180454765361,0.6719883889695211,0.6800580832526621,0.6689254598257502,0.6577928363988383,0.6693765627846615,0.007167797321412489,37
0.5026086330413818,0.0016182353909003115,0.007914304733276367,0.0005002979236023993,0.3,0.1,2,90,0.3,"{'colsample_bytree': 0.3, 'learning_rate': 0.1, 'max_depth': 2, 'n_estimators': 90, 'subsample': 0.3}",0.6739235607160136,0.6656990807934204,0.6936108422071636,0.6689254598257502,0.6732817037754114,0.6750881294635518,0.009734916676701993,33
0.5036428928375244,0.005025819432608814,0.0077037811279296875,0.000605133821060919,0.3,0.1,2,90,0.5,"{'colsample_bytree': 0.3, 'learning_rate': 0.1, 'max_depth': 2, 'n_estimators': 90, 'subsample': 0.5}",0.675858732462506,0.6768263183357524,0.6979670861568248,0.6776379477250726,0.6660212971926428,0.6788622763745596,0.010435994298353452,31
0.19616451263427734,0.0014876746249164955,0.007799863815307617,0.00039982856848254296,0.3,0.1,3,10,0.3,"{'colsample_bytree': 0.3, 'learning_rate': 0.1, 'max_depth': 3, 'n_estimators': 10, 'subsample': 0.3}",0.6090953072085148,0.6473149492017417,0.6519845111326235,0.6316553727008712,0.6379477250726041,0.6355995730632711,0.015028392305630365,70
0.19995536804199218,0.006341272125246351,0.0077988624572753905,0.00039957834014131896,0.3,0.1,3,10,0.5,"{'colsample_bytree': 0.3, 'learning_rate': 0.1, 'max_depth': 3, 'n_estimators': 10, 'subsample': 0.5}",0.6153846153846154,0.6395742622157716,0.6326234269119071,0.6311713455953534,0.6268151016456922,0.6291137503506679,0.007996833986277459,76
0.2835698127746582,0.0004168730958818914,0.00791182518005371,0.000178359700876708,0.3,0.1,3,30,0.3,"{'colsample_bytree': 0.3, 'learning_rate': 0.1, 'max_depth': 3, 'n_estimators': 30, 'subsample': 0.3}",0.6545718432510885,0.6777939042089985,0.6921587608906099,0.6621490803484995,0.6568247821878025,0.6686996741773998,0.014258700608707719,39
0.28960413932800294,0.00674580780348954,0.007825613021850586,0.0004154953624298196,0.3,0.1,3,30,0.5,"{'colsample_bytree': 0.3, 'learning_rate': 0.1, 'max_depth': 3, 'n_estimators': 30, 'subsample': 0.5}",0.6594097726173198,0.6768263183357524,0.6834462729912875,0.6684414327202324,0.6597289448209099,0.6695705482971004,0.00945045351320224,36
0.3710087776184082,0.0039537825322035055,0.007877779006958009,0.0005036803252420442,0.3,0.1,3,50,0.3,"{'colsample_bytree': 0.3, 'learning_rate': 0.1, 'max_depth': 3, 'n_estimators': 50, 'subsample': 0.3}",0.6811804547653604,0.683115626511853,0.7061955469506292,0.6761858664085189,0.6752178121974831,0.684379061366769,0.011303480216460863,28
0.3701746463775635,0.00231835766602323,0.0075986385345458984,0.0004889138136477865,0.3,0.1,3,50,0.5,"{'colsample_bytree': 0.3, 'learning_rate': 0.1, 'max_depth': 3, 'n_estimators': 50, 'subsample': 0.5}",0.6865021770682148,0.690856313497823,0.7090997095837367,0.6747337850919651,0.6786060019361084,0.6879595974355696,0.011998593589461723,22
0.4590864658355713,0.007183228682978808,0.011315679550170899,0.00714145612804293,0.3,0.1,3,70,0.3,"{'colsample_bytree': 0.3, 'learning_rate': 0.1, 'max_depth': 3, 'n_estimators': 70, 'subsample': 0.3}",0.6927914852443154,0.686985970004838,0.7270087124878993,0.6868344627299129,0.6916747337850919,0.6970590728504116,0.01516703252858065,19
0.45337419509887694,0.002686276075236059,0.008001613616943359,3.080678044359797e-06,0.3,0.1,3,70,0.5,"{'colsample_bytree': 0.3, 'learning_rate': 0.1, 'max_depth': 3, 'n_estimators': 70, 'subsample': 0.5}",0.6884373488147073,0.7014997581035317,0.7274927395934172,0.681026137463698,0.6965150048402711,0.698994197763125,0.015867509995362315,18
0.5435671329498291,0.008715442202724731,0.00839996337890625,0.000489396120772225,0.3,0.1,3,90,0.3,"{'colsample_bytree': 0.3, 'learning_rate': 0.1, 'max_depth': 3, 'n_estimators': 90, 'subsample': 0.3}",0.6956942428640542,0.6985970004837929,0.7236205227492739,0.7071636011616651,0.691190706679574,0.703253214787672,0.011440636741372938,15
0.5391183853149414,0.002478462555237914,0.01190495491027832,0.00732105343035856,0.3,0.1,3,90,0.5,"{'colsample_bytree': 0.3, 'learning_rate': 0.1, 'max_depth': 3, 'n_estimators': 90, 'subsample': 0.5}",0.7005321722302854,0.7010159651669086,0.7294288480154889,0.7028073572120038,0.7052274927395934,0.707802367072856,0.010937968396207372,10
0.2048919677734375,0.0073497023880337966,0.008002710342407227,3.842609332638889e-06,0.3,0.1,4,10,0.3,"{'colsample_bytree': 0.3, 'learning_rate': 0.1, 'max_depth': 4, 'n_estimators': 10, 'subsample': 0.3}",0.6308659893565554,0.6540880503144654,0.6563407550822846,0.6452081316553727,0.6476282671829623,0.646826238718328,0.008958247698216735,56
0.19862627983093262,0.0010158566617408387,0.007402896881103516,0.00048784454381989507,0.3,0.1,4,10,0.5,"{'colsample_bytree': 0.3, 'learning_rate': 0.1, 'max_depth': 4, 'n_estimators': 10, 'subsample': 0.5}",0.6395742622157716,0.6492501209482342,0.649080348499516,0.6505324298160697,0.6447241045498547,0.6466322532058892,0.00403767378037886,57
0.30224003791809084,0.0074914131592590675,0.01132669448852539,0.007131212947817331,0.3,0.1,4,30,0.3,"{'colsample_bytree': 0.3, 'learning_rate': 0.1, 'max_depth': 4, 'n_estimators': 30, 'subsample': 0.3}",0.6748911465892597,0.6850507982583455,0.7105517909002904,0.6824782187802517,0.670377541142304,0.6846698991340903,0.013962208755150212,27
0.29605908393859864,0.00037248379318238284,0.007712650299072266,0.00039428434296241276,0.3,0.1,4,30,0.5,"{'colsample_bytree': 0.3, 'learning_rate': 0.1, 'max_depth': 4, 'n_estimators': 30, 'subsample': 0.5}",0.6903725205611998,0.6806966618287373,0.7018393030009681,0.6829622458857696,0.6819941916747337,0.6875729845902817,0.007887089439892778,24
0.3959555149078369,0.0043134350557112325,0.007999992370605469,3.2340669551493016e-07,0.3,0.1,4,50,0.3,"{'colsample_bytree': 0.3, 'learning_rate': 0.1, 'max_depth': 4, 'n_estimators': 50, 'subsample': 0.3}",0.6956942428640542,0.702951136913401,0.718296224588577,0.7003872216844144,0.685866408518877,0.7006390469138648,0.010581748738167885,16
0.3874383449554443,0.005888155760410215,0.007912111282348634,0.0005062513749829482,0.3,0.1,4,50,0.5,"{'colsample_bytree': 0.3, 'learning_rate': 0.1, 'max_depth': 4, 'n_estimators': 50, 'subsample': 0.5}",0.7092404450895017,0.7073052733430092,0.7255566311713456,0.6989351403678606,0.6926427879961278,0.7067360555935689,0.011138083413264532,12
0.4815970897674561,0.003511567480192962,0.007797527313232422,0.00040188834277991707,0.3,0.1,4,70,0.3,"{'colsample_bytree': 0.3, 'learning_rate': 0.1, 'max_depth': 4, 'n_estimators': 70, 'subsample': 0.3}",0.7097242380261248,0.7111756168359942,0.7318489835430784,0.7153920619554696,0.6969990319457889,0.7130279864612913,0.011234697983536927,8
0.48564953804016114,0.007283446086931716,0.007803010940551758,0.00039795388859110753,0.3,0.1,4,70,0.5,"{'colsample_bytree': 0.3, 'learning_rate': 0.1, 'max_depth': 4, 'n_estimators': 70, 'subsample': 0.5}",0.7189163038219643,0.7121432027092405,0.739593417231365,0.7057115198451114,0.7095837366892546,0.7171896360593871,0.01199978448955369,6
0.5744509696960449,0.0014726679353765594,0.007599782943725586,0.000489940339242533,0.3,0.1,4,90,0.3,"{'colsample_bytree': 0.3, 'learning_rate': 0.1, 'max_depth': 4, 'n_estimators': 90, 'subsample': 0.3}",0.717948717948718,0.7150459603289792,0.7420135527589545,0.7405614714424008,0.7115198451113263,0.7254179095180757,0.013124520480912949,4
0.5745389938354493,0.008281607680801016,0.008198070526123046,0.0004012593157708875,0.3,0.1,4,90,0.5,"{'colsample_bytree': 0.3, 'learning_rate': 0.1, 'max_depth': 4, 'n_estimators': 90, 'subsample': 0.5}",0.7281083696178036,0.7174649250120948,0.7376573088092934,0.728460793804453,0.7192642787996127,0.7261911352086514,0.007272253558108661,3
0.18668532371520996,0.006418604715730378,0.0078026771545410155,0.00040136495379703194,0.3,0.01,2,10,0.3,"{'colsample_bytree': 0.3, 'learning_rate': 0.01, 'max_depth': 2, 'n_estimators': 10, 'subsample': 0.3}",0.5244315432994678,0.5302370585389453,0.5295256534365924,0.5232333010648597,0.5280735721200387,0.5271002256919808,0.002783695209863502,119
0.18499107360839845,0.004869484166879811,0.0075324058532714845,0.000562695191413958,0.3,0.01,2,10,0.5,"{'colsample_bytree': 0.3, 'learning_rate': 0.01, 'max_depth': 2, 'n_estimators': 10, 'subsample': 0.5}",0.5258829221093372,0.5220125786163522,0.5275895450145208,0.5237173281703775,0.5304937076476283,0.5259392163116432,0.002960588309667364,120
0.26741757392883303,0.0075062631653414055,0.007848834991455078,0.00043466131892856604,0.3,0.01,2,30,0.3,"{'colsample_bytree': 0.3, 'learning_rate': 0.01, 'max_depth': 2, 'n_estimators': 30, 'subsample': 0.3}",0.5670053217223029,0.5699080793420416,0.5784123910939013,0.5759922555663117,0.5648596321393998,0.5712355359727914,0.005185414817061346,108
0.26615543365478517,0.003273805140931936,0.00790252685546875,0.00019557489849477729,0.3,0.01,2,30,0.5,"{'colsample_bytree': 0.3, 'learning_rate': 0.01, 'max_depth': 2, 'n_estimators': 30, 'subsample': 0.5}",0.5679729075955491,0.5641025641025641,0.5788964181994192,0.5721200387221684,0.5764762826718296,0.5719136422583061,0.005406695451466909,107
0.3475532531738281,0.00804730126558605,0.007833099365234375,0.0003338340179797053,0.3,0.01,2,50,0.3,"{'colsample_bytree': 0.3, 'learning_rate': 0.01, 'max_depth': 2, 'n_estimators': 50, 'subsample': 0.3}",0.5887760038703435,0.5916787614900823,0.601161665053243,0.5997095837366893,0.5948693126815101,0.5952390653663736,0.004682870192332932,101
0.34831938743591306,0.004134276158470428,0.00771183967590332,0.00039492784777319967,0.3,0.01,2,50,0.5,"{'colsample_bytree': 0.3, 'learning_rate': 0.01, 'max_depth': 2, 'n_estimators': 50, 'subsample': 0.5}",0.5824866956942428,0.594581519109821,0.5987415295256534,0.5987415295256534,0.5982575024201355,0.5945617552551012,0.006235495602141505,102
0.4306192874908447,0.0077073100205659086,0.008003425598144532,4.417890480766476e-06,0.3,0.01,2,70,0.3,"{'colsample_bytree': 0.3, 'learning_rate': 0.01, 'max_depth': 2, 'n_estimators': 70, 'subsample': 0.3}",0.5940977261731979,0.6086115142718916,0.6195546950629235,0.6147144240077445,0.6016456921587608,0.6077248103349037,0.009080090488485144,93
0.42760343551635743,0.002825064380316602,0.0074001789093017575,0.0004899598814474855,0.3,0.01,2,70,0.5,"{'colsample_bytree': 0.3, 'learning_rate': 0.01, 'max_depth': 2, 'n_estimators': 70, 'subsample': 0.5}",0.5892597968069666,0.602322206095791,0.6214908034849952,0.6103581800580833,0.6142303969022265,0.6075322766696125,0.01103376065702244,94
0.5107375144958496,0.007506395559410992,0.007999658584594727,4.659848281310097e-06,0.3,0.01,2,90,0.3,"{'colsample_bytree': 0.3, 'learning_rate': 0.01, 'max_depth': 2, 'n_estimators': 90, 'subsample': 0.3}",0.6032897919690372,0.6119980648282535,0.6205227492739593,0.6181026137463698,0.6151984511132623,0.6138223341861764,0.005989531826530129,86
0.5073367595672608,0.0009418040346457568,0.007809162139892578,0.00023847979713328952,0.3,0.01,2,90,0.5,"{'colsample_bytree': 0.3, 'learning_rate': 0.01, 'max_depth': 2, 'n_estimators': 90, 'subsample': 0.5}",0.5994194484760522,0.6110304789550073,0.6239109390125847,0.6161665053242982,0.6205227492739593,0.6142100242083803,0.008563372030467245,85
0.19230751991271972,0.007463084981735732,0.007400083541870117,0.0004897458260564344,0.3,0.01,3,10,0.3,"{'colsample_bytree': 0.3, 'learning_rate': 0.01, 'max_depth': 3, 'n_estimators': 10, 'subsample': 0.3}",0.5302370585389453,0.5379777455249153,0.5358180058083253,0.5275895450145208,0.5333978702807357,0.5330040450334885,0.0037358852996978846,117
0.1874934196472168,0.0011785804015844066,0.008000755310058593,0.0006315053820959834,0.3,0.01,3,10,0.5,"{'colsample_bytree': 0.3, 'learning_rate': 0.01, 'max_depth': 3, 'n_estimators': 10, 'subsample': 0.5}",0.5345911949685535,0.5413642960812772,0.5377541142303969,0.5363020329138432,0.5411423039690223,0.5382307884326185,0.002664197801697857,116
0.28585968017578123,0.0077920204708120675,0.00791630744934082,0.0001666228014386709,0.3,0.01,3,30,0.3,"{'colsample_bytree': 0.3, 'learning_rate': 0.01, 'max_depth': 3, 'n_estimators': 30, 'subsample': 0.3}",0.5839380745041123,0.5950653120464441,0.5992255566311714,0.5924491771539206,0.5924491771539206,0.5926254594979138,0.005000939343506177,103
0.2792546272277832,0.00024535898655573575,0.007599782943725586,0.0004892600761328373,0.3,0.01,3,30,0.5,"{'colsample_bytree': 0.3, 'learning_rate': 0.01, 'max_depth': 3, 'n_estimators': 30, 'subsample': 0.5}",0.5858732462506048,0.5728108369617804,0.5987415295256534,0.595837366892546,0.595837366892546,0.5898200693046262,0.009559284388605755,104
0.3710622787475586,0.001842280049352739,0.007984685897827148,3.101912760411135e-05,0.3,0.01,3,50,0.3,"{'colsample_bytree': 0.3, 'learning_rate': 0.01, 'max_depth': 3, 'n_estimators': 50, 'subsample': 0.3}",0.598451862602806,0.6240928882438317,0.6200387221684415,0.6151984511132623,0.6316553727008712,0.6178874593658426,0.01111453016302793,82
0.3734623908996582,0.0021481316064903035,0.007801198959350586,0.00039727691770465365,0.3,0.01,3,50,0.5,"{'colsample_bytree': 0.3, 'learning_rate': 0.01, 'max_depth': 3, 'n_estimators': 50, 'subsample': 0.5}",0.6110304789550073,0.629414610546686,0.6239109390125847,0.6282671829622459,0.6340755082284608,0.6253397439409969,0.007852191575937832,77
0.46788897514343264,0.008543299001199588,0.007599878311157227,0.0004898235152673564,0.3,0.01,3,70,0.3,"{'colsample_bytree': 0.3, 'learning_rate': 0.01, 'max_depth': 3, 'n_estimators': 70, 'subsample': 0.3}",0.6168359941944848,0.6352201257861635,0.6427879961277831,0.6379477250726041,0.6306873184898354,0.6326958319341742,0.008847313699477461,74
0.46399474143981934,0.0015660092815093082,0.011303377151489259,0.007120760883351635,0.3,0.01,3,70,0.5,"{'colsample_bytree': 0.3, 'learning_rate': 0.01, 'max_depth': 3, 'n_estimators': 70, 'subsample': 0.5}",0.6178035800677311,0.6381228834059023,0.6452081316553727,0.643272023233301,0.6340755082284608,0.6356964253181536,0.009762491725336393,69
0.5537032127380371,0.00506607695221982,0.0077994346618652345,0.00039985186653780343,0.3,0.01,3,90,0.3,"{'colsample_bytree': 0.3, 'learning_rate': 0.01, 'max_depth': 3, 'n_estimators': 90, 'subsample': 0.3}",0.6269956458635704,0.648766328011611,0.6515004840271055,0.6452081316553727,0.6340755082284608,0.6413092195572241,0.009293834784588973,65
0.5582035541534424,0.006227702431211832,0.007896900177001953,0.00020508056061581276,0.3,0.01,3,90,0.5,"{'colsample_bytree': 0.3, 'learning_rate': 0.01, 'max_depth': 3, 'n_estimators': 90, 'subsample': 0.5}",0.6289308176100629,0.6502177068214804,0.6515004840271055,0.6466602129719264,0.6374636979670861,0.6429545838795323,0.008559589939439274,60
0.19333815574645996,0.003337166291743262,0.007800245285034179,0.0004002573094198202,0.3,0.01,4,10,0.3,"{'colsample_bytree': 0.3, 'learning_rate': 0.01, 'max_depth': 4, 'n_estimators': 10, 'subsample': 0.3}",0.5341074020319303,0.5394291243347847,0.5401742497579864,0.5367860600193611,0.5416263310745402,0.5384246334437205,0.0026699976347007363,115
0.1912055492401123,0.0008445508485520785,0.007301950454711914,0.000399975533339299,0.3,0.01,4,10,0.5,"{'colsample_bytree': 0.3, 'learning_rate': 0.01, 'max_depth': 4, 'n_estimators': 10, 'subsample': 0.5}",0.5389453313981616,0.5394291243347847,0.5488867376573088,0.5392061955469506,0.5556631171345595,0.544426101214353,0.0067590507492812065,112
0.2932723045349121,0.0007548729578235627,0.007400035858154297,0.0004900766357994065,0.3,0.01,4,30,0.3,"{'colsample_bytree': 0.3, 'learning_rate': 0.01, 'max_depth': 4, 'n_estimators': 30, 'subsample': 0.3}",0.594581519109821,0.6178035800677311,0.611810261374637,0.6103581800580833,0.6176185866408519,0.6104344254502247,0.008475021994991708,91
0.30067977905273435,0.008934439593881295,0.011410284042358398,0.007294425328307403,0.3,0.01,4,30,0.5,"{'colsample_bytree': 0.3, 'learning_rate': 0.01, 'max_depth': 4, 'n_estimators': 30, 'subsample': 0.5}",0.6057087566521528,0.6110304789550073,0.611326234269119,0.6151984511132623,0.6258470474346564,0.6138221936848396,0.006728187530603329,87
0.39583845138549806,0.0023454178273184453,0.008057785034179688,0.00011950593279282013,0.3,0.01,4,50,0.3,"{'colsample_bytree': 0.3, 'learning_rate': 0.01, 'max_depth': 4, 'n_estimators': 50, 'subsample': 0.3}",0.6269956458635704,0.6511852926947267,0.6500484027105518,0.6398838334946757,0.6408518877057116,0.6417930124938473,0.008716181899323182,64
0.40444746017456057,0.008339953418968095,0.007605552673339844,0.0004946299439095852,0.3,0.01,4,50,0.5,"{'colsample_bytree': 0.3, 'learning_rate': 0.01, 'max_depth': 4, 'n_estimators': 50, 'subsample': 0.5}",0.6357039187227866,0.6473149492017417,0.6471442400774443,0.6447241045498547,0.6481122942884802,0.6445999013680616,0.004589901565176349,59
0.5012860774993897,0.00937920280672472,0.008200120925903321,0.00039998900014225286,0.3,0.01,4,70,0.3,"{'colsample_bytree': 0.3, 'learning_rate': 0.01, 'max_depth': 4, 'n_estimators': 70, 'subsample': 0.3}",0.6415094339622641,0.664247701983551,0.665053242981607,0.6519845111326235,0.6456921587608906,0.6536974097641872,0.009548072407265025,50
0.5010035037994385,0.0066545116773607015,0.007956361770629883,0.0003727190440999446,0.3,0.01,4,70,0.5,"{'colsample_bytree': 0.3, 'learning_rate': 0.01, 'max_depth': 4, 'n_estimators': 70, 'subsample': 0.5}",0.6405418480890179,0.6656990807934204,0.6602129719264279,0.6573088092933205,0.6515004840271055,0.6550526388258584,0.008581921940666046,49
0.6048282623291016,0.004344030710303251,0.008531475067138672,0.0004516605136763602,0.3,0.01,4,90,0.3,"{'colsample_bytree': 0.3, 'learning_rate': 0.01, 'max_depth': 4, 'n_estimators': 90, 'subsample': 0.3}",0.6477987421383647,0.6719883889695211,0.6674733785091965,0.6592449177153921,0.6461761858664086,0.6585363226397767,0.010289798629854999,47
0.6001998901367187,0.002377877340934536,0.01150050163269043,0.007279706849867957,0.3,0.01,4,90,0.5,"{'colsample_bytree': 0.3, 'learning_rate': 0.01, 'max_depth': 4, 'n_estimators': 90, 'subsample': 0.5}",0.6507014997581035,0.6729559748427673,0.6645692158760891,0.6636011616650532,0.6471442400774443,0.6597944184438915,0.00952076398447571,45
0.18604965209960939,0.006086615134795458,0.0076007843017578125,0.0004897848370045711,0.5,0.1,2,10,0.3,"{'colsample_bytree': 0.5, 'learning_rate': 0.1, 'max_depth': 2, 'n_estimators': 10, 'subsample': 0.3}",0.5940977261731979,0.6144170295113691,0.6147144240077445,0.6181026137463698,0.616650532429816,0.6115964651736995,0.008851629027025675,89
0.18128819465637208,0.0007083667142710925,0.007763528823852539,0.0003048428045113209,0.5,0.1,2,10,0.5,"{'colsample_bytree': 0.5, 'learning_rate': 0.1, 'max_depth': 2, 'n_estimators': 10, 'subsample': 0.5}",0.586840832123851,0.6042573778422835,0.6156824782187803,0.6040658276863504,0.6239109390125847,0.6069514909767699,0.012520997672751341,96
0.2634407043457031,0.006383835372618167,0.01194005012512207,0.0075464647221654664,0.5,0.1,2,30,0.3,"{'colsample_bytree': 0.5, 'learning_rate': 0.1, 'max_depth': 2, 'n_estimators': 30, 'subsample': 0.3}",0.6405418480890179,0.6357039187227866,0.6611810261374637,0.6476282671829623,0.6442400774443369,0.6458590275153135,0.008624540355874575,58
0.2606680393218994,0.0026113603924850393,0.007704973220825195,0.00039818309665497773,0.5,0.1,2,30,0.5,"{'colsample_bytree': 0.5, 'learning_rate': 0.1, 'max_depth': 2, 'n_estimators': 30, 'subsample': 0.5}",0.6361877116594098,0.6560232220609579,0.6587608906098742,0.6519845111326235,0.6374636979670861,0.6480840066859903,0.009450436166407271,55
0.3433403968811035,0.0076810144912617066,0.007717418670654297,0.0003892158410370977,0.5,0.1,2,50,0.3,"{'colsample_bytree': 0.5, 'learning_rate': 0.1, 'max_depth': 2, 'n_estimators': 50, 'subsample': 0.3}",0.6550556361877117,0.6550556361877117,0.6853823814133592,0.6597289448209099,0.6515004840271055,0.6613446165273595,0.012299870144722109,42
0.3377732276916504,0.0012401377133697835,0.011601591110229492,0.007709202991206916,0.5,0.1,2,50,0.5,"{'colsample_bytree': 0.5, 'learning_rate': 0.1, 'max_depth': 2, 'n_estimators': 50, 'subsample': 0.5}",0.656507014997581,0.6748911465892597,0.6781219748305906,0.6626331074540174,0.6505324298160697,0.6645371347375036,0.010545077948040382,41
0.4186070442199707,0.006530643200174917,0.0077991485595703125,0.00039923906889404473,0.5,0.1,2,70,0.3,"{'colsample_bytree': 0.5, 'learning_rate': 0.1, 'max_depth': 2, 'n_estimators': 70, 'subsample': 0.3}",0.664247701983551,0.6613449443638123,0.6907066795740562,0.6606969990319458,0.6718296224588577,0.6697651894824446,0.011192704454027043,35
0.41785850524902346,0.009196047514628814,0.007801151275634766,0.0004004814917830238,0.5,0.1,2,70,0.5,"{'colsample_bytree': 0.5, 'learning_rate': 0.1, 'max_depth': 2, 'n_estimators': 70, 'subsample': 0.5}",0.6686018384131591,0.6855345911949685,0.691190706679574,0.670377541142304,0.6611810261374637,0.675377140713494,0.01118635825491138,32
0.49341740608215334,0.004082762115447837,0.007725429534912109,0.00034083642963542653,0.5,0.1,2,90,0.3,"{'colsample_bytree': 0.5, 'learning_rate': 0.1, 'max_depth': 2, 'n_estimators': 90, 'subsample': 0.3}",0.6748911465892597,0.6739235607160136,0.7052274927395934,0.6829622458857696,0.6747337850919651,0.6823476462045203,0.011902945804363041,30
0.4899144649505615,0.0009838804849237536,0.007794904708862305,0.0002531201204395342,0.5,0.1,2,90,0.5,"{'colsample_bytree': 0.5, 'learning_rate': 0.1, 'max_depth': 2, 'n_estimators': 90, 'subsample': 0.5}",0.6826318335752298,0.6879535558780842,0.6974830590513069,0.6815101645692159,0.6752178121974831,0.684959285054264,0.007456813378681604,26
0.18678207397460939,0.001708045672665764,0.007904529571533203,0.00019037767582211226,0.5,0.1,3,10,0.3,"{'colsample_bytree': 0.5, 'learning_rate': 0.1, 'max_depth': 3, 'n_estimators': 10, 'subsample': 0.3}",0.6182873730043541,0.637155297532656,0.6345595353339787,0.6447241045498547,0.6321393998063891,0.6333731420454465,0.008644757097971011,73
0.19306130409240724,0.0073147236435536995,0.007501363754272461,0.00044899263822694417,0.5,0.1,3,10,0.5,"{'colsample_bytree': 0.5, 'learning_rate': 0.1, 'max_depth': 3, 'n_estimators': 10, 'subsample': 0.5}",0.6119980648282535,0.6405418480890179,0.6403678606001936,0.6398838334946757,0.6427879961277831,0.6351159206279847,0.011602176990894527,72
0.27426671981811523,0.001166879793118741,0.007999801635742187,4.469569456272312e-06,0.5,0.1,3,30,0.3,"{'colsample_bytree': 0.5, 'learning_rate': 0.1, 'max_depth': 3, 'n_estimators': 30, 'subsample': 0.3}",0.6555394291243348,0.6724721819061442,0.6882865440464666,0.6752178121974831,0.6679574056147144,0.6718946745778286,0.01061193934926335,34
0.28049168586730955,0.0074183632273632045,0.007867527008056641,0.00018365613270357437,0.5,0.1,3,30,0.5,"{'colsample_bytree': 0.5, 'learning_rate': 0.1, 'max_depth': 3, 'n_estimators': 30, 'subsample': 0.5}",0.6623125302370585,0.6613449443638123,0.6897386253630203,0.6597289448209099,0.6669893514036787,0.6680228792376959,0.011123255436805266,40
0.36229166984558103,0.002785112592980833,0.008017730712890626,2.854713794941808e-05,0.5,0.1,3,50,0.3,"{'colsample_bytree': 0.5, 'learning_rate': 0.1, 'max_depth': 3, 'n_estimators': 50, 'subsample': 0.3}",0.6763425253991292,0.6850507982583455,0.7037754114230397,0.6829622458857696,0.6718296224588577,0.6839921206850283,0.010954475832925395,29
0.36623668670654297,0.0061016054256285875,0.007800865173339844,0.0004005702157228196,0.5,0.1,3,50,0.5,"{'colsample_bytree': 0.5, 'learning_rate': 0.1, 'max_depth': 3, 'n_estimators': 50, 'subsample': 0.5}",0.6879535558780842,0.6927914852443154,0.7061955469506292,0.6694094869312681,0.6795740561471443,0.6871848262302882,0.012388055386795334,25
0.4453141212463379,0.002679554114464039,0.007602596282958984,0.0004899102702906158,0.5,0.1,3,70,0.3,"{'colsample_bytree': 0.5, 'learning_rate': 0.1, 'max_depth': 3, 'n_estimators': 70, 'subsample': 0.3}",0.687469762941461,0.6937590711175616,0.7163601161665053,0.6892545982575025,0.6878025169409487,0.6949292130847959,0.010947943066410858,20
0.45104308128356935,0.0064182103236150685,0.007800006866455078,0.0004001379687844432,0.5,0.1,3,70,0.5,"{'colsample_bytree': 0.5, 'learning_rate': 0.1, 'max_depth': 3, 'n_estimators': 70, 'subsample': 0.5}",0.6985970004837929,0.6961780358006773,0.7158760890609874,0.6882865440464666,0.6979670861568248,0.6993809511097497,0.00903379990128547,17
0.5350317478179931,0.008334796895138937,0.00831446647644043,0.00040826274531650085,0.5,0.1,3,90,0.3,"{'colsample_bytree': 0.5, 'learning_rate': 0.1, 'max_depth': 3, 'n_estimators': 90, 'subsample': 0.3}",0.6918238993710691,0.7077890662796323,0.723136495643756,0.7086156824782188,0.6960309777347532,0.7054792243014859,0.010978972932419447,13
0.533073902130127,0.005805178351788725,0.007800579071044922,0.0003995902498461964,0.5,0.1,3,90,0.5,"{'colsample_bytree': 0.5, 'learning_rate': 0.1, 'max_depth': 3, 'n_estimators': 90, 'subsample': 0.5}",0.702951136913401,0.7044025157232704,0.7173281703775412,0.7061955469506292,0.7071636011616651,0.7076081942253014,0.005072193394966125,11
0.1966472625732422,0.007240954769234417,0.007804155349731445,0.00039701222399086766,0.5,0.1,4,10,0.3,"{'colsample_bytree': 0.5, 'learning_rate': 0.1, 'max_depth': 4, 'n_estimators': 10, 'subsample': 0.3}",0.6361877116594098,0.6555394291243348,0.6558567279767668,0.6510164569215876,0.6423039690222653,0.6481808589408729,0.007739270680621787,54
0.19186067581176758,0.0011952008359885772,0.0077591419219970705,0.00043331280089422744,0.5,0.1,4,10,0.5,"{'colsample_bytree': 0.5, 'learning_rate': 0.1, 'max_depth': 4, 'n_estimators': 10, 'subsample': 0.5}",0.6400580551523948,0.6574746008708273,0.6640851887705711,0.6466602129719264,0.6398838334946757,0.6496323782520791,0.009653183326159616,53
0.29592218399047854,0.007909936248139854,0.007796192169189453,0.0003982746961322675,0.5,0.1,4,30,0.3,"{'colsample_bytree': 0.5, 'learning_rate': 0.1, 'max_depth': 4, 'n_estimators': 30, 'subsample': 0.3}",0.6787614900822448,0.6932752781809386,0.6984511132623427,0.6897386253630203,0.6781219748305906,0.6876696963438274,0.008030654900854362,23
0.28903565406799314,0.0012946771690046453,0.007718372344970703,0.00039414585912622967,0.5,0.1,4,30,0.5,"{'colsample_bytree': 0.5, 'learning_rate': 0.1, 'max_depth': 4, 'n_estimators': 30, 'subsample': 0.5}",0.686985970004838,0.6952104499274311,0.7013552758954501,0.6815101645692159,0.6786060019361084,0.6887335724666086,0.008474157892733621,21
0.3920830249786377,0.008182116135885311,0.011398744583129884,0.007309590902065872,0.5,0.1,4,50,0.3,"{'colsample_bytree': 0.5, 'learning_rate': 0.1, 'max_depth': 4, 'n_estimators': 50, 'subsample': 0.3}",0.7087566521528785,0.6981132075471698,0.7158760890609874,0.7071636011616651,0.6945788964181994,0.70489768926818,0.007655819895592708,14
0.3850184440612793,0.0026691151691104003,0.007800245285034179,0.0004001671467517143,0.5,0.1,4,50,0.5,"{'colsample_bytree': 0.5, 'learning_rate': 0.1, 'max_depth': 4, 'n_estimators': 50, 'subsample': 0.5}",0.7092404450895017,0.7073052733430092,0.7279767666989352,0.7066795740561471,0.7061955469506292,0.7114795212276446,0.00831332415468239,9
0.4829923152923584,0.007115979401308601,0.008001184463500977,0.0006322646856646883,0.5,0.1,4,70,0.3,"{'colsample_bytree': 0.5, 'learning_rate': 0.1, 'max_depth': 4, 'n_estimators': 70, 'subsample': 0.3}",0.7164973391388486,0.7092404450895017,0.7313649564375605,0.7226524685382382,0.7047434656340755,0.7168997349676449,0.009475632998999875,7
0.4792947769165039,0.0010598423003485159,0.008001613616943359,0.0006326417548266718,0.5,0.1,4,70,0.5,"{'colsample_bytree': 0.5, 'learning_rate': 0.1, 'max_depth': 4, 'n_estimators': 70, 'subsample': 0.5}",0.7208514755684567,0.710208030962748,0.7357212003872217,0.7245885769603098,0.7192642787996127,0.7221267125356698,0.008279439631326137,5
0.5770923614501953,0.011363023075193199,0.008598852157592773,0.0004890525535591308,0.5,0.1,4,90,0.3,"{'colsample_bytree': 0.5, 'learning_rate': 0.1, 'max_depth': 4, 'n_estimators': 90, 'subsample': 0.3}",0.7290759554910499,0.7305273343009192,0.7328170377541142,0.7362052274927396,0.7197483059051307,0.7296747721887907,0.005516173598302747,1
0.5794578552246094,0.006736483902243439,0.007999849319458009,0.00063256065022292,0.5,0.1,4,90,0.5,"{'colsample_bytree': 0.5, 'learning_rate': 0.1, 'max_depth': 4, 'n_estimators': 90, 'subsample': 0.5}",0.7310111272375424,0.7150459603289792,0.7362052274927396,0.7337850919651501,0.7260406582768635,0.728417613060255,0.00749178343172641,2
0.1831501007080078,0.0018837622360628893,0.007402229309082031,0.0004917995767296306,0.5,0.01,2,10,0.3,"{'colsample_bytree': 0.5, 'learning_rate': 0.01, 'max_depth': 2, 'n_estimators': 10, 'subsample': 0.3}",0.5360425737784228,0.5239477503628447,0.5387221684414327,0.5324298160696999,0.5280735721200387,0.5318431761544877,0.005326298615093917,118
0.18907408714294432,0.005757162410093601,0.007997703552246094,3.4694613959467404e-06,0.5,0.01,2,10,0.5,"{'colsample_bytree': 0.5, 'learning_rate': 0.01, 'max_depth': 2, 'n_estimators': 10, 'subsample': 0.5}",0.5379777455249153,0.5457184325108854,0.5401742497579864,0.5324298160696999,0.547434656340755,0.5407469800408483,0.0054150207803531775,113
0.2662445068359375,0.0019187520828170936,0.007744646072387696,0.00038742699548430487,0.5,0.01,2,30,0.3,"{'colsample_bytree': 0.5, 'learning_rate': 0.01, 'max_depth': 2, 'n_estimators': 30, 'subsample': 0.3}",0.5742622157716497,0.5824866956942428,0.5871248789932236,0.5803484995159729,0.5769603097773476,0.5802365199504873,0.004448621901721475,106
0.2675882339477539,0.0006441195617111011,0.007396984100341797,0.0004892712992257298,0.5,0.01,2,30,0.5,"{'colsample_bytree': 0.5, 'learning_rate': 0.01, 'max_depth': 2, 'n_estimators': 30, 'subsample': 0.5}",0.5737784228350266,0.5815191098209966,0.5880929332042595,0.5885769603097774,0.5842207163601162,0.5832376285060353,0.005394048348859352,105
0.3460235595703125,0.0015043888224572863,0.007713603973388672,0.0003925816685227672,0.5,0.01,2,50,0.3,"{'colsample_bytree': 0.5, 'learning_rate': 0.01, 'max_depth': 2, 'n_estimators': 50, 'subsample': 0.3}",0.5926463473633284,0.6086115142718916,0.60648596321394,0.6016456921587608,0.6050338818973863,0.6028846797810614,0.005598990737808371,97
0.35553841590881347,0.008031711193382687,0.008149194717407226,0.0006169969250553019,0.5,0.01,2,50,0.5,"{'colsample_bytree': 0.5, 'learning_rate': 0.01, 'max_depth': 2, 'n_estimators': 50, 'subsample': 0.5}",0.5887760038703435,0.598451862602806,0.6060019361084221,0.6021297192642788,0.6016456921587608,0.5994010428009223,0.005828349916796844,99
0.4271514892578125,0.0008179043982791983,0.00779871940612793,0.00040271472396907315,0.5,0.01,2,70,0.3,"{'colsample_bytree': 0.5, 'learning_rate': 0.01, 'max_depth': 2, 'n_estimators': 70, 'subsample': 0.3}",0.598451862602806,0.6105466860183841,0.6185866408518877,0.6239109390125847,0.6127783155856728,0.612854888814267,0.008577529423590222,88
0.4357144832611084,0.006971703650007995,0.0073053836822509766,0.0005941984903155531,0.5,0.01,2,70,0.5,"{'colsample_bytree': 0.5, 'learning_rate': 0.01, 'max_depth': 2, 'n_estimators': 70, 'subsample': 0.5}",0.5882922109337204,0.6129656507014998,0.6239109390125847,0.6026137463697967,0.6142303969022265,0.6084025887839657,0.012109763020932652,92
0.5076239585876465,0.0023706085537947845,0.007798957824707031,0.00039962818441399906,0.5,0.01,2,90,0.3,"{'colsample_bytree': 0.5, 'learning_rate': 0.01, 'max_depth': 2, 'n_estimators': 90, 'subsample': 0.3}",0.5989356555394292,0.6226415094339622,0.6205227492739593,0.6253630203291385,0.6176185866408519,0.6170163042434682,0.009390190213695039,83
0.5191431999206543,0.006772014469866536,0.00795450210571289,9.980881754839894e-05,0.5,0.01,2,90,0.5,"{'colsample_bytree': 0.5, 'learning_rate': 0.01, 'max_depth': 2, 'n_estimators': 90, 'subsample': 0.5}",0.5926463473633284,0.6144170295113691,0.6205227492739593,0.6122942884801549,0.6161665053242982,0.611209383990622,0.009668134889233605,90
0.19346742630004882,0.004440734526198813,0.007399797439575195,0.0004892982428922446,0.5,0.01,3,10,0.3,"{'colsample_bytree': 0.5, 'learning_rate': 0.01, 'max_depth': 3, 'n_estimators': 10, 'subsample': 0.3}",0.5374939525882922,0.5413642960812772,0.5498547918683446,0.5324298160696999,0.542110358180058,0.5406506429575344,0.0057428758525894285,114
0.19389772415161133,0.006113675637317993,0.00790247917175293,0.00019543178927624815,0.5,0.01,3,10,0.5,"{'colsample_bytree': 0.5, 'learning_rate': 0.01, 'max_depth': 3, 'n_estimators': 10, 'subsample': 0.5}",0.5428156748911466,0.5432994678277697,0.547434656340755,0.5377541142303969,0.5513068731848983,0.5445221572949933,0.004576646786686143,111
0.284607458114624,0.005824827233243199,0.007821226119995117,0.00041316547744555884,0.5,0.01,3,30,0.3,"{'colsample_bytree': 0.5, 'learning_rate': 0.01, 'max_depth': 3, 'n_estimators': 30, 'subsample': 0.3}",0.5873246250604741,0.5989356555394292,0.6030977734753146,0.6016456921587608,0.595837366892546,0.597368222625305,0.005599977068016731,100
0.28574671745300295,0.005914350786880286,0.007916402816772462,0.00016722682537364587,0.5,0.01,3,30,0.5,"{'colsample_bytree': 0.5, 'learning_rate': 0.01, 'max_depth': 3, 'n_estimators': 30, 'subsample': 0.5}",0.5960328979196904,0.5916787614900823,0.6122942884801549,0.5968054211035818,0.6021297192642788,0.5997882176515577,0.007080214942250355,98
0.37775349617004395,0.007557431533261096,0.011263895034790038,0.007036564567353029,0.5,0.01,3,50,0.3,"{'colsample_bytree': 0.5, 'learning_rate': 0.01, 'max_depth': 3, 'n_estimators': 50, 'subsample': 0.3}",0.6076439283986453,0.6274794388001935,0.6224588576960309,0.6239109390125847,0.6268151016456922,0.6216616531106294,0.007247014426009191,80
0.3805853843688965,0.004810500211544642,0.007500886917114258,0.0006338807819701039,0.5,0.01,3,50,0.5,"{'colsample_bytree': 0.5, 'learning_rate': 0.01, 'max_depth': 3, 'n_estimators': 50, 'subsample': 0.5}",0.6018384131591679,0.6250604741170779,0.6335914811229428,0.6326234269119071,0.6224588576960309,0.6231145306014253,0.01146364146173048,78
0.4710689067840576,0.008921307094086317,0.008019208908081055,3.7083708873516903e-05,0.5,0.01,3,70,0.3,"{'colsample_bytree': 0.5, 'learning_rate': 0.01, 'max_depth': 3, 'n_estimators': 70, 'subsample': 0.3}",0.6245766811804547,0.6357039187227866,0.6452081316553727,0.6374636979670861,0.6345595353339787,0.6355023929719359,0.006608310706669051,71
0.4666168689727783,0.0033511549484041402,0.0075986385345458984,0.0004891089133966528,0.5,0.01,3,70,0.5,"{'colsample_bytree': 0.5, 'learning_rate': 0.01, 'max_depth': 3, 'n_estimators': 70, 'subsample': 0.5}",0.6076439283986453,0.6357039187227866,0.6389157792836399,0.6413359148112294,0.6282671829622459,0.6303733448357094,0.012187111504681172,75
0.5570412635803222,0.004699180143100424,0.007756519317626953,0.0003882446502050008,0.5,0.01,3,90,0.3,"{'colsample_bytree': 0.5, 'learning_rate': 0.01, 'max_depth': 3, 'n_estimators': 90, 'subsample': 0.3}",0.6269956458635704,0.6424770198355104,0.6548886737657309,0.6471442400774443,0.6398838334946757,0.6422778826073864,0.009187288776886298,62
0.556145191192627,0.0017894985945591736,0.00780034065246582,0.0004002094865342351,0.5,0.01,3,90,0.5,"{'colsample_bytree': 0.5, 'learning_rate': 0.01, 'max_depth': 3, 'n_estimators': 90, 'subsample': 0.5}",0.6149008224479923,0.6444121915820029,0.649080348499516,0.6476282671829623,0.633107454017425,0.6378258167459797,0.012758927568118162,68
0.19894533157348632,0.007875841599619023,0.007292270660400391,0.0002444363736151696,0.5,0.01,4,10,0.3,"{'colsample_bytree': 0.5, 'learning_rate': 0.01, 'max_depth': 4, 'n_estimators': 10, 'subsample': 0.3}",0.5413642960812772,0.5447508466376391,0.5542110358180058,0.5363020329138432,0.5503388189738625,0.5453934060849256,0.006348344334587364,110
0.1921818733215332,0.00125923262369007,0.007504892349243164,0.00044717936150488134,0.5,0.01,4,10,0.5,"{'colsample_bytree': 0.5, 'learning_rate': 0.01, 'max_depth': 4, 'n_estimators': 10, 'subsample': 0.5}",0.5447508466376391,0.5466860183841316,0.5503388189738625,0.547918683446273,0.5546950629235237,0.5488778860730859,0.0034272636197625835,109
0.3009124755859375,0.009729163760789274,0.007720232009887695,0.0003920615313380283,0.5,0.01,4,30,0.3,"{'colsample_bytree': 0.5, 'learning_rate': 0.01, 'max_depth': 4, 'n_estimators': 30, 'subsample': 0.3}",0.613933236574746,0.6211901306240929,0.6219748305905131,0.6161665053242982,0.6268151016456922,0.6200159609518685,0.004544491243944873,81
0.2959559440612793,0.0010439268325373187,0.008000040054321289,4.4220058896521113e-07,0.5,0.01,4,30,0.5,"{'colsample_bytree': 0.5, 'learning_rate': 0.01, 'max_depth': 4, 'n_estimators': 30, 'subsample': 0.5}",0.6032897919690372,0.625544267053701,0.6335914811229428,0.6219748305905131,0.6306873184898354,0.6230175378452059,0.01065166060146749,79
0.40331478118896485,0.007136519615171345,0.008198118209838868,0.0003973970317074113,0.5,0.01,4,50,0.3,"{'colsample_bytree': 0.5, 'learning_rate': 0.01, 'max_depth': 4, 'n_estimators': 50, 'subsample': 0.3}",0.6298984034833092,0.652636671504596,0.6471442400774443,0.6456921587608906,0.6364956437560504,0.6423734235164581,0.008115212545418164,61
0.40520410537719725,0.009544158190773427,0.0076405048370361325,0.0004447517612438522,0.5,0.01,4,50,0.5,"{'colsample_bytree': 0.5, 'learning_rate': 0.01, 'max_depth': 4, 'n_estimators': 50, 'subsample': 0.5}",0.6207063376874697,0.6468311562651186,0.6529525653436592,0.6471442400774443,0.6345595353339787,0.6404387669415341,0.01154430846999206,66
0.5017252922058105,0.004386006693108613,0.011399936676025391,0.007306786319539966,0.5,0.01,4,70,0.3,"{'colsample_bytree': 0.5, 'learning_rate': 0.01, 'max_depth': 4, 'n_estimators': 70, 'subsample': 0.3}",0.6400580551523948,0.6656990807934204,0.6640851887705711,0.6544046466602129,0.6393998063891578,0.6527293555531515,0.011297911806390245,52
0.506654691696167,0.00634716047581205,0.008000040054321289,0.0006324098287557305,0.5,0.01,4,70,0.5,"{'colsample_bytree': 0.5, 'learning_rate': 0.01, 'max_depth': 4, 'n_estimators': 70, 'subsample': 0.5}",0.6308659893565554,0.6652152878567973,0.6655372700871249,0.6577928363988383,0.6442400774443369,0.6527302922287307,0.013383980262566793,51
0.6007105350494385,0.0030074444801261877,0.011587190628051757,0.006714003967590594,0.5,0.01,4,90,0.3,"{'colsample_bytree': 0.5, 'learning_rate': 0.01, 'max_depth': 4, 'n_estimators': 90, 'subsample': 0.3}",0.648766328011611,0.6763425253991292,0.6698935140367861,0.6582768635043562,0.6466602129719264,0.6599878887847618,0.011593735607553656,44
0.6041942596435547,0.003714715490465382,0.008055925369262695,9.747477616208704e-05,0.5,0.01,4,90,0.5,"{'colsample_bytree': 0.5, 'learning_rate': 0.01, 'max_depth': 4, 'n_estimators': 90, 'subsample': 0.5}",0.6390904692791485,0.6773101112723754,0.6698935140367861,0.6655372700871249,0.6447241045498547,0.6593110938450579,0.014807912956215584,46
