,N,C,c,c,c,c,c,c,O,C,F,F,F,c,c,n+,O-,c,c,c,Cl,c,Cl,c,c,n+,O-
N,0.029555192,0.0056136064,0.0072378227,0.007060779,0.007080062,0.0071399603,0.00717498,0.0072203903,0.0065694936,0.0055129454,0.005253071,0.0052977614,0.0053025824,0.007219285,0.007216751,0.016600551,0.15264888,0.0071075065,0.007034327,0.007015364,0.024827423,0.0069680177,0.024423324,0.0070553254,0.007034306,0.016325304,0.15177456
C,0.047078118,0.001087121,0.004996315,0.0049115038,0.0049843653,0.004931221,0.004885319,0.004876011,0.006133601,0.001042281,0.002751345,0.002801193,0.0028144473,0.004887326,0.004876262,0.010336298,0.1805141,0.0051267045,0.0051634163,0.005148744,0.07027748,0.0050244937,0.070336886,0.005088428,0.005082466,0.010332213,0.17710541
c,0.018820895,0.0012639969,0.0048770974,0.0047972216,0.004888031,0.004866473,0.004826062,0.0048122173,0.005563132,0.0012439848,0.0029868798,0.00302878,0.0030554747,0.004934594,0.0049038413,0.006561054,0.20149478,0.0050624977,0.00508252,0.0050891475,0.074799605,0.0050312495,0.07373209,0.0049947337,0.0049843616,0.0065640737,0.20026816
c,0.018467087,0.0012321009,0.0049316236,0.00484885,0.004940353,0.0049189683,0.0048783557,0.0048648026,0.0054966533,0.0012122049,0.0029688394,0.0030110395,0.0030373982,0.004988513,0.0049568764,0.0064893425,0.20274574,0.0051179132,0.0051370417,0.0051432317,0.074565366,0.0050835344,0.07348107,0.005046397,0.0050354223,0.0064899083,0.20157716
c,0.01894724,0.0012421007,0.004930123,0.00484853,0.004939646,0.0049174386,0.0048766183,0.004862912,0.0055289045,0.0012213853,0.002976551,0.0030190703,0.0030455783,0.00498598,0.004954508,0.006507042,0.20145783,0.005117,0.005137154,0.005144007,0.07467171,0.0050840466,0.0735989,0.0050471746,0.0050363075,0.0065083997,0.20030794
c,0.018659085,0.001243685,0.0049144803,0.0048341462,0.004924557,0.004900725,0.004859182,0.0048450553,0.005547495,0.0012233735,0.0029481014,0.0029896763,0.0030160747,0.0049680164,0.0049366853,0.0064918627,0.20137724,0.005100721,0.005122156,0.0051291515,0.074669585,0.0050683096,0.07362974,0.005033059,0.0050219977,0.0064936597,0.20019537
c,0.018431319,0.0012401391,0.004911159,0.0048306184,0.0049207234,0.0048963297,0.0048544356,0.004840119,0.005515499,0.0012200868,0.0029175573,0.0029584316,0.0029845308,0.00496278,0.0049314797,0.006494439,0.20193514,0.005096495,0.0051182257,0.0051249256,0.0746247,0.0050635934,0.073596075,0.005029287,0.0050180247,0.0064956965,0.20074853
c,0.018319326,0.0012400211,0.0049091703,0.0048281513,0.0049180198,0.004893577,0.0048515713,0.004837152,0.0054733558,0.0012199933,0.0028946192,0.0029350345,0.0029608845,0.004959475,0.0049282555,0.006514189,0.20236953,0.005093421,0.0051150373,0.0051213917,0.074604,0.005060179,0.07357835,0.0050265603,0.0050152424,0.006514867,0.20119047
O,0.010158267,0.0041096257,0.007907147,0.007801252,0.007882294,0.008021219,0.008056016,0.008066154,0.0051860567,0.0040870775,0.00562138,0.0056955563,0.005721242,0.008214863,0.008175184,0.005863465,0.17039083,0.008086842,0.008011776,0.008075958,0.06731247,0.008105478,0.0664782,0.008131993,0.008114436,0.005835631,0.16933587
C,0.046555575,0.0010539102,0.0050370735,0.004949101,0.0050217593,0.0049662446,0.0049185157,0.004908399,0.0060058534,0.0010089721,0.0026670184,0.0027155946,0.002728707,0.004919839,0.0049078367,0.010284019,0.18083428,0.0051652207,0.005202997,0.0051879906,0.070079595,0.005060094,0.07010427,0.0051278486,0.0051209996,0.010275601,0.1774713
F,0.031456564,0.011950885,0.0038452495,0.0037631777,0.0037906058,0.0038792049,0.0039001112,0.0038974376,0.002655706,0.011797322,0.0061136107,0.0062206187,0.006229951,0.0039382624,0.00394798,0.006770547,0.1919719,0.0038265833,0.003793965,0.0037858628,0.0067535355,0.0038605933,0.0068008043,0.0038936485,0.0038854072,0.0067260433,0.19336152
F,0.03138419,0.011942123,0.003840816,0.0037593837,0.0037882447,0.0038761345,0.003896669,0.0038938099,0.0026518402,0.011788051,0.006102861,0.006209021,0.0062172133,0.0039334726,0.0039434796,0.0068047484,0.19326265,0.0038228952,0.0037908093,0.0037826265,0.0067843236,0.0038553725,0.006831103,0.003888217,0.0038801995,0.0067602475,0.1946349
F,0.03153437,0.011954046,0.0038446817,0.0037631404,0.003792488,0.0038801434,0.0039003668,0.0038972504,0.0026622198,0.011800077,0.0061333305,0.0062401462,0.0062477654,0.0039366954,0.0039466866,0.0068419846,0.19321038,0.0038267802,0.0037950447,0.0037869425,0.006796936,0.0038591973,0.0068433764,0.0038919933,0.003883954,0.0067970753,0.19458492
c,0.0191822,0.0012649548,0.0049105673,0.0048296507,0.0049215523,0.004898899,0.004857572,0.0048433887,0.0053644814,0.0012435208,0.002958502,0.0030011781,0.0030274573,0.004964121,0.004932764,0.0065122675,0.20033373,0.0050962768,0.005117172,0.005123652,0.07458533,0.005064064,0.073537804,0.0050312593,0.005020824,0.00651885,0.19918388
c,0.01937214,0.0012682235,0.004903372,0.004822567,0.004914268,0.0048918165,0.004850593,0.0048363833,0.0053535243,0.0012466556,0.002954713,0.002997289,0.0030236873,0.0049565346,0.0049252445,0.0065252883,0.20024331,0.005088342,0.005109237,0.0051157544,0.07467144,0.0050564623,0.07362782,0.005024312,0.005013848,0.0065323915,0.1990748
n+,0.022869132,0.0014532338,0.005633618,0.005529229,0.005571512,0.005553279,0.0055305134,0.0055307085,0.0039471816,0.001419963,0.004355566,0.0044111153,0.0043758578,0.0056309253,0.0056169564,0.009441271,0.2373133,0.0057170885,0.005666593,0.0056386595,0.06529386,0.005596437,0.06529997,0.0055962447,0.005574487,0.009332085,0.23295748
O-,0.022216292,0.00671472,0.003265239,0.0032325368,0.003249834,0.003265929,0.0032637932,0.003262982,0.008757179,0.0067285188,0.0140247205,0.014026748,0.014092619,0.003355511,0.0033515715,0.011812729,0.19009449,0.0033175682,0.0032987301,0.0032845747,0.032569885,0.0032861608,0.031966742,0.0033189629,0.0033289853,0.011702767,0.1838216
c,0.019162398,0.0012096853,0.0050173174,0.004931277,0.0050238585,0.005000058,0.0049569965,0.004942073,0.0054604174,0.0011891659,0.0028452675,0.0028859067,0.00291166,0.0050668567,0.005033286,0.0064724367,0.20214061,0.0052053384,0.0052266507,0.005234659,0.07450188,0.0051678675,0.073453166,0.00513561,0.0051233955,0.0064743045,0.20097962
c,0.019287292,0.0012024369,0.005066556,0.0049781543,0.0050725886,0.0050504403,0.005007617,0.004992892,0.005485748,0.0011820749,0.0028626863,0.0029039816,0.0029300803,0.005120886,0.0050869943,0.006445821,0.20191443,0.0052579124,0.0052778004,0.005285575,0.07447928,0.005217003,0.073414996,0.005184,0.0051720757,0.006447194,0.20078006
c,0.019045468,0.0012057576,0.0050740405,0.004985563,0.0050801965,0.0050581614,0.005015373,0.0050007203,0.005479094,0.0011854114,0.0028937387,0.002935641,0.0029620335,0.0051296367,0.0050958036,0.0064468984,0.20179318,0.0052662296,0.0052858605,0.005293189,0.074454665,0.0052245185,0.073379934,0.0051910584,0.0051793107,0.0064480333,0.20068376
Cl,0.02682095,0.007842983,0.007525029,0.0074523035,0.0075253695,0.0076110535,0.007651792,0.007689175,0.008971582,0.007803413,0.02155121,0.021690011,0.0216949,0.0078069926,0.007784048,0.014438096,0.12931344,0.0076484936,0.0075831516,0.007580107,0.0669748,0.007531274,0.06669026,0.0075881435,0.007621064,0.014559511,0.13038287
c,0.019320142,0.001255073,0.004982886,0.004899882,0.0049929284,0.0049712784,0.0049299696,0.0049158656,0.0054674614,0.00123528,0.0030129075,0.0030562503,0.0030837986,0.0050433446,0.005011163,0.006485068,0.20091136,0.005172059,0.0051914123,0.005198406,0.07462228,0.0051368047,0.07349496,0.005101696,0.0050913827,0.006489838,0.19973095
Cl,0.026458863,0.00785909,0.0075400155,0.007467757,0.0075414088,0.007626761,0.0076674893,0.0077049932,0.008974349,0.007822827,0.021573089,0.021713238,0.021716965,0.007824515,0.007801094,0.014390668,0.12955983,0.0076633566,0.007598084,0.0075963945,0.06757842,0.007547809,0.06725573,0.0076039596,0.007636591,0.01450939,0.13058613
c,0.018977882,0.0012329486,0.00499171,0.0049086404,0.0050019524,0.004978829,0.004936831,0.0049225604,0.0055577485,0.0012125737,0.0030121114,0.003055496,0.0030830463,0.0050497567,0.005016847,0.0065009207,0.20024526,0.0051816064,0.0052014757,0.0052092285,0.074678704,0.0051470166,0.073570706,0.005110989,0.0050999136,0.006503675,0.19908111
c,0.018964166,0.0012434913,0.004978094,0.0048958566,0.0049882266,0.004965133,0.004923506,0.0049094087,0.0055429097,0.0012227594,0.0030229962,0.0030665488,0.0030940813,0.005035203,0.005002488,0.006515218,0.20031737,0.005166545,0.0051863585,0.005193884,0.07468618,0.0051326854,0.0735979,0.0050971243,0.005086137,0.006518606,0.19917311
n+,0.023452125,0.0014616998,0.0056406492,0.0055390312,0.005581114,0.005563636,0.0055424124,0.0055436078,0.004006925,0.0014284956,0.004330147,0.0043837493,0.0043502958,0.0056450213,0.005630104,0.009314345,0.23673297,0.0057252655,0.0056735724,0.0056474064,0.065274544,0.0056082606,0.06527765,0.0056047738,0.005583238,0.009211355,0.23240966
O-,0.022654075,0.006727231,0.003219285,0.0031873982,0.0032044486,0.0032194222,0.0032172664,0.0032167523,0.008635184,0.0067410367,0.013831387,0.01383085,0.013897086,0.0033088718,0.003305094,0.011934263,0.18934841,0.0032737257,0.0032544571,0.0032396899,0.033817083,0.0032406875,0.03318056,0.0032741146,0.0032841016,0.011824429,0.1830654
